,time,x,y,theta
0,0.0,538.4095,10.1045,-1.55337562371
1,0.01,538.406,10.104,-1.5533668256
2,0.02,538.41,10.108,-1.55336469422
3,0.03,538.416,10.1125,-1.55335198535
4,0.04,538.4115,10.105,-1.55336693711
5,0.05,538.409,10.102,-1.55332833446
6,0.06,538.4025,10.0975,-1.55332449915
7,0.07,538.407,10.0925,-1.55332163772
8,0.08,538.408,10.1,-1.5533562512
9,0.09,538.409,10.1025,-1.55331743197
10,0.1,538.413,10.108,-1.553375744
11,0.11,538.4095,10.099,-1.55330813356
12,0.12,538.414,10.0975,-1.55336702496
13,0.13,538.4085,10.1075,-1.55334760073
14,0.14,538.411,10.1015,-1.55334920087
15,0.15,538.4085,10.1105,-1.55334391796
16,0.16,538.409,10.099,-1.55333282451
17,0.17,538.4075,10.107,-1.55336295878
18,0.18,538.409,10.102,-1.55334460972
19,0.19,538.4105,10.1075,-1.55335197414
20,0.2,538.41,10.0985,-1.55332687343
21,0.21,538.415,10.111,-1.55335153667
22,0.22,538.409,10.0975,-1.55336276906
23,0.23,538.4155,10.113,-1.55337057182
24,0.24,538.4085,10.106,-1.55341483436
25,0.25,538.4035,10.101,-1.55332624608
26,0.26,538.4075,10.111,-1.55333471619
27,0.27,538.4105,10.115,-1.55336474179
28,0.28,538.4045,10.1045,-1.55331931954
29,0.29,538.408,10.094,-1.55333553784
30,0.3,538.407,10.099,-1.55332574738
31,0.31,538.412,10.108,-1.55337366563
32,0.32,538.407,10.1055,-1.55334839601
33,0.33,538.4075,10.1025,-1.55334898534
34,0.34,538.41,10.1035,-1.5533494252
35,0.35,538.413,10.108,-1.55335084664
36,0.36,538.4135,10.106,-1.55333792786
37,0.37,538.4135,10.105,-1.55336217101
38,0.38,538.4105,10.109,-1.55333612926
39,0.39,538.414,10.1005,-1.55336300252
40,0.4,538.4115,10.093,-1.55331978399
41,0.41,538.412,10.105,-1.55335328109
42,0.42,538.412,10.1,-1.55334761157
43,0.43,538.4105,10.097,-1.55332301872
44,0.44,538.414,10.1055,-1.55329232929
45,0.45,538.4135,10.107,-1.55334047608
46,0.46,538.4115,10.0975,-1.55335351993
47,0.47,538.4075,10.0925,-1.55333844716
48,0.48,538.4085,10.1,-1.55333665045
49,0.49,538.4115,10.0985,-1.55336040139
50,0.5,538.4075,10.1005,-1.55335921981
51,0.51,538.4025,10.0925,-1.55333876809
52,0.52,538.4,10.101,-1.55329982702
53,0.53,538.406,10.1005,-1.5533093391
54,0.54,538.404,10.1065,-1.55332544258
55,0.55,538.4055,10.099,-1.55332669467
56,0.56,538.413,10.1105,-1.55332733883
57,0.57,538.408,10.104,-1.55334969
58,0.58,538.4035,10.111,-1.55334279787
59,0.59,538.405,10.103,-1.55331112993
60,0.6,538.405,10.109,-1.55331408516
61,0.61,538.4065,10.0895,-1.55332465188
62,0.62,538.412,10.1005,-1.55334152107
63,0.63,538.4065,10.0955,-1.55330431785
64,0.64,538.409,10.1,-1.55331245851
65,0.65,538.405,10.108,-1.55331476775
66,0.66,538.4075,10.106,-1.55333460532
67,0.67,538.406,10.1055,-1.55336629676
68,0.68,538.415,10.104,-1.55338396427
69,0.69,538.4115,10.0965,-1.5533511734
70,0.7,538.4135,10.098,-1.55334293339
71,0.71,538.4125,10.1085,-1.55337639798
72,0.72,538.406,10.1175,-1.55335095161
73,0.73,538.4,10.1035,-1.55333161565
74,0.74,538.406,10.1045,-1.55332959182
75,0.75,538.4015,10.1055,-1.55336985189
76,0.76,538.4135,10.1015,-1.55335406947
77,0.77,538.42,10.098,-1.55337390768
78,0.78,538.412,10.1015,-1.55334560187
79,0.79,538.4105,10.0925,-1.55329397338
80,0.8,538.409,10.1015,-1.55330425287
81,0.81,538.4055,10.0925,-1.55331204505
82,0.82,538.4045,10.092,-1.55331547583
83,0.83,538.409,10.0885,-1.55332325867
84,0.84,538.403,10.101,-1.55333308118
85,0.85,538.4075,10.105,-1.55335739276
86,0.86,538.4135,10.0985,-1.55336408585
87,0.87,538.4155,10.097,-1.5533523462
88,0.88,538.4115,10.099,-1.55332218037
89,0.89,538.4135,10.088,-1.55329968853
90,0.9,538.4115,10.0895,-1.55331262544
91,0.91,538.4105,10.104,-1.55333513427
92,0.92,538.406,10.0935,-1.55330091263
93,0.93,538.417,10.088,-1.55334504684
94,0.94,538.4075,10.1055,-1.55333857746
95,0.95,538.414,10.104,-1.55333033348
96,0.96,538.4115,10.0985,-1.55331755643
97,0.97,538.4145,10.0945,-1.55333143752
98,0.98,538.4065,10.0975,-1.55331619099
99,0.99,538.405,10.1035,-1.55332152126
100,1.0,538.405,10.1015,-1.5533200243
101,1.01,538.4115,10.1035,-1.55333062671
102,1.02,538.413,10.0985,-1.55333918964
103,1.03,538.41,10.105,-1.55334743236
104,1.04,538.4135,10.114,-1.55335406735
105,1.05,538.4175,10.1085,-1.55334463732
106,1.06,538.4165,10.1065,-1.55337529293
107,1.07,538.412,10.096,-1.55332945554
108,1.08,538.4115,10.1085,-1.55337009169
109,1.09,538.4045,10.102,-1.55332241259
110,1.1,538.411,10.099,-1.55334735232
111,1.11,538.408,10.095,-1.55336380164
112,1.12,538.412,10.1005,-1.55334369612
113,1.13,538.4105,10.1075,-1.55334704226
114,1.14,538.41,10.102,-1.55337812811
115,1.15,538.41,10.096,-1.55334589783
116,1.16,538.418,10.0955,-1.55335362213
117,1.17,538.407,10.1065,-1.5533585041
118,1.18,538.411,10.1125,-1.5533694336
119,1.19,538.4115,10.101,-1.55333813805
120,1.2,538.404,10.101,-1.55331208156
121,1.21,538.4035,10.0975,-1.5533097547
122,1.22,538.4125,10.108,-1.55336178706
123,1.23,538.4115,10.105,-1.5533592934
124,1.24,538.4015,10.1045,-1.5533651397
125,1.25,538.415,10.1035,-1.55336929233
126,1.26,538.4045,10.095,-1.55333199303
127,1.27,538.408,10.1055,-1.55333886351
128,1.28,538.418,10.1025,-1.55337365315
129,1.29,538.4115,10.1035,-1.55335031847
130,1.3,538.4145,10.101,-1.5533459791
131,1.31,538.4075,10.097,-1.55334705954
132,1.32,538.408,10.0965,-1.55338219862
133,1.33,538.415,10.099,-1.55336430129
134,1.34,538.417,10.1115,-1.55338111966
135,1.35,538.414,10.0925,-1.55336022552
136,1.36,538.4175,10.1055,-1.55334869531
137,1.37,538.4125,10.1085,-1.55336890947
138,1.38,538.402,10.1,-1.55334251054
139,1.39,538.4155,10.107,-1.55335450385
140,1.4,538.409,10.099,-1.55335568616
141,1.41,538.4105,10.1065,-1.55334353485
142,1.42,538.412,10.101,-1.5533302406
143,1.43,538.411,10.115,-1.55334846001
144,1.44,538.4075,10.098,-1.55331953183
145,1.45,538.406,10.093,-1.55329757277
146,1.46,538.415,10.11,-1.55333081044
147,1.47,538.4125,10.103,-1.55334408875
148,1.48,538.4135,10.1055,-1.55333084995
149,1.49,538.4075,10.0995,-1.5533477783
150,1.5,538.412,10.103,-1.55341364367
151,1.51,538.4065,10.106,-1.55337557516
152,1.52,538.412,10.11,-1.55335836495
153,1.53,538.407,10.0995,-1.55333687398
154,1.54,538.411,10.114,-1.55332480965
155,1.55,538.405,10.0955,-1.5533662065
156,1.56,538.402,10.0905,-1.55330909286
157,1.57,538.4095,10.1005,-1.55333229025
158,1.58,538.4095,10.099,-1.55334692068
159,1.59,538.4025,10.091,-1.55332271337
160,1.6,538.4055,10.1065,-1.55333556262
161,1.61,538.408,10.104,-1.55334453502
162,1.62,538.4075,10.0895,-1.55330876309
163,1.63,538.4085,10.109,-1.55336431568
164,1.64,538.401,10.105,-1.5533485763
165,1.65,538.4045,10.108,-1.55333636133
166,1.66,538.402,10.102,-1.5533257709
167,1.67,538.4095,10.0985,-1.55334846048
168,1.68,538.4125,10.099,-1.55332835038
169,1.69,538.4075,10.107,-1.55333836908
170,1.7,538.401,10.092,-1.55333755149
171,1.71,538.4025,10.1045,-1.55334152357
172,1.72,538.405,10.102,-1.553350582
173,1.73,538.4035,10.111,-1.5533738037
174,1.74,538.4025,10.108,-1.55338453534
175,1.75,538.4035,10.126,-1.55332528298
176,1.76,538.406,10.0915,-1.55334134039
177,1.77,538.41,10.116,-1.55329744357
178,1.78,538.406,10.0905,-1.55334814107
179,1.79,538.4075,10.113,-1.55333937231
180,1.8,538.4015,10.0945,-1.55335141329
181,1.81,538.418,10.118,-1.55332533818
182,1.82,538.4075,10.096,-1.55334488435
183,1.83,538.405,10.1235,-1.55331863743
184,1.84,538.406,10.105,-1.55335724705
185,1.85,538.4105,10.1195,-1.55335419458
186,1.86,538.4045,10.094,-1.55336805553
187,1.87,538.41,10.1065,-1.55333247721
188,1.88,538.4025,10.0885,-1.5533510533
189,1.89,538.4075,10.1,-1.55333237707
190,1.9,538.4035,10.089,-1.5533567121
191,1.91,538.406,10.0965,-1.55334285281
192,1.92,538.406,10.1025,-1.55333671073
193,1.93,538.402,10.111,-1.55335488001
194,1.94,538.414,10.1015,-1.55331593705
195,1.95,538.4095,10.108,-1.55336961112
196,1.96,538.4155,10.11,-1.55339995646
197,1.97,538.408,10.103,-1.55334644709
198,1.98,538.409,10.1145,-1.55336973631
199,1.99,538.4,10.1125,-1.55333531905
200,2.0,538.407,10.1075,-1.55335067016
201,2.01,538.402,10.1045,-1.55333589118
202,2.02,538.404,10.099,-1.55334693567
203,2.03,538.402,10.108,-1.55332632524
204,2.04,538.401,10.1135,-1.55335456282
205,2.05,538.404,10.109,-1.55334873971
206,2.06,538.4035,10.1135,-1.55333044794
207,2.07,538.409,10.112,-1.55337071883
208,2.08,538.4,10.108,-1.5533321645
209,2.09,538.4055,10.102,-1.55334332021
210,2.1,538.417,10.1145,-1.55336025878
211,2.11,538.4085,10.1015,-1.55334528485
212,2.12,538.412,10.1035,-1.55329972221
213,2.13,538.4085,10.109,-1.55330330357
214,2.14,538.412,10.1155,-1.55333984252
215,2.15,538.4055,10.1035,-1.55334485027
216,2.16,538.406,10.1125,-1.55333733395
217,2.17,538.407,10.1075,-1.55336110909
218,2.18,538.411,10.108,-1.55335614234
219,2.19,538.4055,10.104,-1.5533166477
220,2.2,538.4085,10.103,-1.55334439053
221,2.21,538.4055,10.1065,-1.55334596831
222,2.22,538.408,10.1055,-1.55331529892
223,2.23,538.41,10.1065,-1.55331396417
224,2.24,538.406,10.11,-1.5533334874
225,2.25,538.408,10.1035,-1.55332942751
226,2.26,538.4015,10.1035,-1.55331769992
227,2.27,538.4035,10.0975,-1.55335162843
228,2.28,538.408,10.107,-1.55335850946
229,2.29,538.4105,10.1,-1.55334401152
230,2.3,538.408,10.0975,-1.55333474771
231,2.31,538.4015,10.1035,-1.55335132301
232,2.32,538.4055,10.1055,-1.55332136255
233,2.33,538.404,10.1035,-1.55331128103
234,2.34,538.4125,10.105,-1.55335362018
235,2.35,538.4055,10.101,-1.55333984926
236,2.36,538.402,10.113,-1.55333573324
237,2.37,538.4155,10.1035,-1.55336074992
238,2.38,538.412,10.096,-1.55332343809
239,2.39,538.4,10.0975,-1.55330969094
240,2.4,538.4095,10.105,-1.55332303795
241,2.41,538.4055,10.114,-1.55336333614
242,2.42,538.401,10.1105,-1.55330977658
243,2.43,538.3955,10.1155,-1.55333126629
244,2.44,538.3995,10.1055,-1.55334910286
245,2.45,538.404,10.111,-1.55335980627
246,2.46,538.4025,10.11,-1.55336875752
247,2.47,538.419,10.1115,-1.55334376175
248,2.48,538.4045,10.1015,-1.55334967143
249,2.49,538.4085,10.1045,-1.55337882586
250,2.5,538.407,10.1065,-1.5533461751
251,2.51,538.4145,10.108,-1.55336821724
252,2.52,538.4115,10.102,-1.5533251808
253,2.53,538.4155,10.102,-1.5533398078
254,2.54,538.409,10.096,-1.55336389552
255,2.55,538.409,10.1145,-1.55335298885
256,2.56,538.4045,10.107,-1.55335226346
257,2.57,538.409,10.1075,-1.55333269658
258,2.58,538.4035,10.1005,-1.55332201519
259,2.59,538.413,10.099,-1.55334715374
260,2.6,538.4075,10.1085,-1.55334221856
261,2.61,538.4055,10.104,-1.55335746682
262,2.62,538.4085,10.106,-1.55336221105
263,2.63,538.401,10.1075,-1.55336156298
264,2.64,538.414,10.112,-1.55339310276
265,2.65,538.404,10.105,-1.55333923863
266,2.66,538.405,10.092,-1.55334579458
267,2.67,538.4055,10.1035,-1.55336816559
268,2.68,538.406,10.1025,-1.55334207544
269,2.69,538.4065,10.09,-1.55330536009
270,2.7,538.417,10.105,-1.5533855905
271,2.71,538.4105,10.104,-1.55334596606
272,2.72,538.401,10.1075,-1.55334920503
273,2.73,538.4,10.1145,-1.5533549376
274,2.74,538.405,10.121,-1.55335818338
275,2.75,538.4065,10.1145,-1.55335482633
276,2.76,538.409,10.101,-1.55337715899
277,2.77,538.4055,10.1095,-1.55336864114
278,2.78,538.4075,10.105,-1.55334288858
279,2.79,538.4095,10.121,-1.55339005254
280,2.8,538.406,10.111,-1.55336645808
281,2.81,538.4115,10.1205,-1.55333997012
282,2.82,538.41,10.1145,-1.55337175531
283,2.83,538.4075,10.111,-1.55333875185
284,2.84,538.412,10.1095,-1.55334181093
285,2.85,538.4155,10.112,-1.55337080947
286,2.86,538.4185,10.101,-1.55334820304
287,2.87,538.4135,10.0985,-1.55334924734
288,2.88,538.4205,10.1005,-1.55333566715
289,2.89,538.417,10.116,-1.55333441914
290,2.9,538.416,10.1125,-1.55335540257
291,2.91,538.416,10.105,-1.55335676766
292,2.92,538.4145,10.1095,-1.55334664591
293,2.93,538.414,10.105,-1.55330924159
294,2.94,538.408,10.092,-1.55333386499
295,2.95,538.4155,10.105,-1.55332854659
296,2.96,538.4155,10.106,-1.55335134559
297,2.97,538.409,10.121,-1.55333964657
298,2.98,538.3155,10.075,-1.55312612447
299,2.99,538.3875,10.142,-1.55328633983
300,3.0,538.391,10.141,-1.55329277487
301,3.01,538.389,10.1355,-1.5532923816
302,3.02,538.3855,10.1405,-1.55329152101
303,3.03,538.3855,10.1425,-1.55330578316
304,3.04,538.3815,10.127,-1.55326498371
305,3.05,538.3885,10.133,-1.5537606239
306,3.06,538.388,10.132,-1.55380499742
307,3.07,538.384,10.1435,-1.55381362469
308,3.08,538.391,10.1395,-1.55381845466
309,3.09,538.465,10.189,-1.55397813962
310,3.1,538.3885,10.145,-1.55382865821
311,3.11,538.391,10.1385,-1.55383821676
312,3.12,538.39,10.1375,-1.55381865066
313,3.13,538.3965,10.1385,-1.55382494075
314,3.14,538.3855,10.137,-1.55380373243
315,3.15,538.3845,10.137,-1.5540549192
316,3.16,538.386,10.145,-1.55453983822
317,3.17,538.3835,10.1565,-1.55444108215
318,3.18,538.3735,10.169,-1.55442600196
319,3.19,538.371,10.1885,-1.55442554463
320,3.2,538.359,10.2075,-1.55427976082
321,3.21,538.3655,10.189,-1.55405441525
322,3.22,538.374,10.156,-1.55385370403
323,3.23,538.3765,10.139,-1.55386619215
324,3.24,538.384,10.1315,-1.55390865654
325,3.25,538.377,10.136,-1.55384816341
326,3.26,538.3815,10.131,-1.55383887243
327,3.27,538.3885,10.1335,-1.55382871533
328,3.28,538.3815,10.1405,-1.55384187422
329,3.29,538.3145,10.1425,-1.55390720785
330,3.3,538.1165,10.098,-1.55405249372
331,3.31,537.7095,9.904,-1.55398087568
332,3.32,537.328,9.896,-1.55417917442
333,3.33,536.845,9.979,-1.55436215755
334,3.34,536.379,9.8875,-1.55465526127
335,3.35,536.0295,9.792,-1.55535311786
336,3.36,535.7615,9.6875,-1.55610624504
337,3.37,535.6055,9.4895,-1.55722691276
338,3.38,535.5195,9.198,-1.558391657
339,3.39,535.5645,8.814,-1.55958657865
340,3.4,535.7615,8.3995,-1.56085428353
341,3.41,536.108,7.8955,-1.56230303735
342,3.42,536.5605,7.303,-1.5637491197
343,3.43,537.019,6.6905,-1.56528124779
344,3.44,537.4705,5.9235,-1.56668568324
345,3.45,537.9035,5.0935,-1.56785064885
346,3.46,538.3235,4.1275,-1.56881452911
347,3.47,538.723,3.1425,-1.56974446039
348,3.48,539.1715,2.1285,-1.57103060998
349,3.49,539.693,1.064,-1.57259408824
350,3.5,540.2345,-0.088,-1.57396579965
351,3.51,540.794,-1.302,-1.57555986174
352,3.52,541.37,-2.5975,-1.57707153914
353,3.53,541.9135,-3.9645,-1.57846874006
354,3.54,542.503,-5.323,-1.58042150406
355,3.55,543.1685,-6.7555,-1.58248326458
356,3.56,543.8765,-8.35,-1.58439068049
357,3.57,544.5885,-9.934,-1.58639173498
358,3.58,545.351,-11.623,-1.58845162581
359,3.59,546.182,-13.381,-1.59087235462
360,3.6,547.0515,-15.301,-1.59311761279
361,3.61,547.986,-17.265,-1.59549212381
362,3.62,548.99,-19.4095,-1.59780338777
363,3.63,549.9665,-21.595,-1.6003957851
364,3.64,550.874,-23.9385,-1.60249573867
365,3.65,551.7765,-26.4355,-1.60444408297
366,3.66,552.7645,-29.068,-1.60663960245
367,3.67,553.8335,-31.8225,-1.60848286794
368,3.68,555.092,-34.574,-1.61014411329
369,3.69,556.4365,-37.405,-1.61183709816
370,3.7,557.7265,-40.4765,-1.61350290737
371,3.71,558.913,-43.549,-1.61470912493
372,3.72,560.1085,-46.793,-1.61588367711
373,3.73,561.411,-50.0955,-1.61674605701
374,3.74,562.8985,-53.4605,-1.61781967353
375,3.75,564.318,-56.9595,-1.61821889124
376,3.76,565.7715,-60.482,-1.61857314408
377,3.77,567.273,-64.205,-1.61844763878
378,3.78,568.6725,-67.9945,-1.61840742372
379,3.79,570.1265,-71.8825,-1.61760314226
380,3.8,571.655,-75.772,-1.6168493404
381,3.81,573.303,-79.76,-1.61552276505
382,3.82,574.9005,-83.949,-1.61394629551
383,3.83,576.537,-88.1535,-1.61227521787
384,3.84,578.1085,-92.353,-1.61021294625
385,3.85,579.7895,-96.747,-1.60811267434
386,3.86,581.486,-101.1725,-1.60575967681
387,3.87,583.224,-105.6565,-1.60300557823
388,3.88,584.8815,-110.223,-1.60038444667
389,3.89,586.488,-114.846,-1.59697038298
390,3.9,587.962,-119.619,-1.59376468847
391,3.91,589.542,-124.359,-1.59047757514
392,3.92,591.094,-129.164,-1.58656583884
393,3.93,592.6615,-134.009,-1.58294341749
394,3.94,594.2075,-138.8845,-1.57885859681
395,3.95,595.6975,-143.823,-1.57452319302
396,3.96,597.2675,-148.81835,-1.57016023498
397,3.97,598.8995,-153.8916,-1.565449315
398,3.98,600.5175,-158.9599,-1.56064489807
399,3.99,602.2445,-164.1209,-1.55544425617
400,4.0,604.0895,-169.38685,-1.55031146814
401,4.01,605.963,-174.70425,-1.54463690802
402,4.02,607.8495,-179.9617,-1.53884501635
403,4.03,609.825,-185.38845,-1.53316817775
404,4.04,611.805,-190.8686,-1.52701477575
405,4.05,613.733,-196.3356,-1.52058689509
406,4.06,615.7095,-201.91585,-1.51464797365
407,4.07,617.764,-207.5802,-1.50825261279
408,4.08,619.854,-213.25795,-1.50167636752
409,4.09,622.042,-218.9345,-1.49516006505
410,4.1,624.378,-224.584,-1.48817127698
411,4.11,626.6615,-230.2822,-1.48094851107
412,4.12,629.0075,-235.96145,-1.47368538422
413,4.13,631.3715,-241.855,-1.46591439272
414,4.14,633.7145,-247.7744,-1.45825986875
415,4.15,636.113,-253.60826,-1.45038250055
416,4.16,638.5165,-259.490055,-1.44249949108
417,4.17,640.891,-265.42137,-1.4342619971
418,4.18,643.446,-271.47902,-1.42630178299
419,4.19,645.9265,-277.49005,-1.4184404034
420,4.2,648.4995,-283.35505,-1.41042539808
421,4.21,651.2185,-289.32135,-1.40176636921
422,4.22,654.024,-295.1086,-1.39341296143
423,4.23,656.9225,-300.7885,-1.38487371032
424,4.24,659.9685,-306.43475,-1.37600865502
425,4.25,662.885,-312.10405,-1.36699096104
426,4.26,665.842,-317.62975,-1.35759714678
427,4.27,668.7775,-323.1576,-1.34848363366
428,4.28,671.6755,-328.734,-1.33927932401
429,4.29,674.697,-334.23605,-1.33018088671
430,4.3,677.622,-339.7913,-1.32075300158
431,4.31,680.5735,-345.2349,-1.31147703263
432,4.32,683.518,-350.7173,-1.30214907871
433,4.33,686.5645,-356.3694,-1.2925820771
434,4.34,689.664,-362.04445,-1.28316181052
435,4.35,692.795,-367.5754,-1.27380345374
436,4.36,696.0715,-373.19865,-1.26449798522
437,4.37,699.4455,-378.764,-1.25479177605
438,4.38,702.815,-384.3835,-1.24505390161
439,4.39,706.209,-389.837,-1.23537813498
440,4.4,709.7,-395.416,-1.22530072266
441,4.41,713.178,-400.9605,-1.21568339111
442,4.42,716.7375,-406.4805,-1.2057489344
443,4.43,720.3405,-411.886,-1.19594397435
444,4.44,723.9545,-417.4195,-1.18586217161
445,4.45,727.751,-422.979,-1.17612120677
446,4.46,731.4825,-428.515,-1.16649457924
447,4.47,735.2075,-433.91,-1.15671146687
448,4.48,739.002,-439.418,-1.14678678874
449,4.49,742.761,-444.822,-1.13704678295
450,4.5,746.4895,-450.2505,-1.12738113081
451,4.51,750.2205,-455.552,-1.11794481605
452,4.52,753.98,-460.906,-1.10743816242
453,4.53,757.6905,-466.142,-1.09731284175
454,4.54,761.521,-471.305,-1.08752291921
455,4.55,765.338,-476.4265,-1.07725128609
456,4.56,769.1995,-481.498,-1.06611892888
457,4.57,773.0905,-486.5325,-1.05571006194
458,4.58,776.987,-491.543,-1.04506926164
459,4.59,780.7875,-496.5635,-1.03455491393
460,4.6,784.657,-501.5895,-1.02368321699
461,4.61,788.671,-506.6015,-1.01363344423
462,4.62,792.6455,-511.3575,-1.00312184318
463,4.63,796.611,-516.2835,-0.993023842137
464,4.64,800.5605,-521.188,-0.982685548507
465,4.65,804.5125,-526.05,-0.972521721127
466,4.66,808.4985,-530.891,-0.962615007501
467,4.67,812.3515,-535.714,-0.952398494203
468,4.68,816.1985,-540.6775,-0.942287546355
469,4.69,819.9725,-545.52,-0.932026717407
470,4.7,823.854,-550.3385,-0.922177446095
471,4.71,827.7745,-555.0515,-0.912196788528
472,4.72,831.5695,-559.814,-0.90224459346
473,4.73,835.339,-564.5695,-0.893666180196
474,4.74,839.0635,-569.3435,-0.881969315452
475,4.75,842.842,-574.0945,-0.872299199991
476,4.76,846.627,-578.7285,-0.862627704448
477,4.77,850.4195,-583.4165,-0.853385775212
478,4.78,854.2495,-588.2495,-0.843695670918
479,4.79,858.003,-592.86,-0.83428502142
480,4.8,861.747,-597.426,-0.82498312766
481,4.81,865.56,-602.141,-0.815257209183
482,4.82,869.417,-606.6325,-0.805897915452
483,4.83,873.3615,-611.0085,-0.796760630727
484,4.84,877.3135,-615.544,-0.787347300392
485,4.85,881.334,-619.953,-0.778562313319
486,4.86,885.295,-624.2125,-0.770997070325
487,4.87,889.3305,-628.5675,-0.762374075087
488,4.88,893.3665,-633.098,-0.753886634992
489,4.89,897.264,-637.5645,-0.745057016064
490,4.9,901.0675,-641.782,-0.736561469691
491,4.91,904.9705,-646.2155,-0.728099120798
492,4.92,909.192,-650.642,
493,4.93,913.3985,-654.7515,-0.708042014643
494,4.94,917.6995,-658.7845,-0.697834479373
495,4.95,921.9675,-663.0665,-0.689773610631
496,4.96,926.2405,-667.3455,-0.681324761451
497,4.97,930.4255,-671.3925,-0.673708781061
498,4.98,934.697,-675.496,-0.665915748016
499,4.99,939.2185,-679.865,-0.658070822708
500,5.0,943.646,-684.068,-0.647753522779
501,5.01,947.9765,-688.057,
502,5.02,952.453,-692.2625,-0.63151468095
503,5.03,956.999,-696.471,-0.623582696289
504,5.04,961.483,-700.5085,-0.616579471321
505,5.05,965.92,-704.454,-0.608877107097
506,5.06,970.5045,-708.6215,-0.601379122643
507,5.07,975.069,-712.688,-0.595192004578
508,5.08,979.563,-716.5125,-0.587974029757
509,5.09,984.2035,-720.4285,
510,5.1,988.8775,-724.379,
511,5.11,993.4985,-728.2845,
512,5.12,998.021,-732.109,
513,5.13,1002.688,-735.9925,
514,5.14,1007.366,-739.787,
515,5.15,1011.957,-743.382,
516,5.16,1016.7015,-747.075,
517,5.17,1021.5265,-750.785,
518,5.18,1026.221,-754.471,
519,5.19,1030.915,-757.9065,
520,5.2,1035.8385,-761.213,
521,5.21,1040.8205,-764.4835,
522,5.22,1045.611,-767.7485,
523,5.23,1050.3435,-771.012,
524,5.24,1055.195,-774.081,
525,5.25,1060.1895,-777.0995,
526,5.26,1065.086,-780.091,
527,5.27,1069.8325,-782.852,
528,5.28,1074.743,-785.6465,
529,5.29,1079.763,-788.4305,
530,5.3,1084.673,-791.139,
531,5.31,1089.5405,-793.7715,
532,5.32,1094.561,-796.3175,
533,5.33,1099.5325,-798.854,-0.343048018483
534,5.34,1104.351,-801.3805,-0.333051790722
535,5.35,1109.355,-803.8345,-0.323285294513
536,5.36,1114.369,-806.336,-0.313830766108
537,5.37,1119.226,-808.757,-0.304596537186
538,5.38,1124.148,-811.1275,
539,5.39,1129.1755,-813.5425,-0.266937834011
540,5.4,1134.157,-815.977,-0.2544345802
541,5.41,1139.151,-818.31,-0.242792218777
542,5.42,1144.199,-820.6295,-0.230819574268
543,5.43,1149.408,-822.904,-0.219127430511
544,5.44,1154.733,-825.179,-0.207007313775
545,5.45,1159.988,-827.3675,-0.194830224303
546,5.46,1165.4365,-829.498,-0.183223149624
547,5.47,1170.886,-831.6275,-0.171310668731
548,5.48,1176.321,-833.643,-0.159171044371
549,5.49,1181.7685,-835.6035,
550,5.5,1187.284,-837.496,
551,5.51,1192.8085,-839.3075,-0.14443622467
552,5.52,1198.1405,-841.3605,-0.129580944531
553,5.53,1203.537,-843.2065,-0.113041265467
554,5.54,1209.0555,-845.0555,-0.0994597793322
555,5.55,1214.553,-846.7995,-0.0887078178428
556,5.56,1219.992,-848.5665,-0.0760498401352
557,5.57,1225.4705,-850.2595,-0.0617244463105
558,5.58,1230.921,-851.848,-0.0493745994058
559,5.59,1236.3555,-853.427,-0.0370491640361
560,5.6,1241.8,-854.78,-0.0290622049198
561,5.61,1247.26,-856.095,-0.0125652291016
562,5.62,1252.63,-857.377,-0.00275348582078
563,5.63,1257.985,-858.4665,0.00988459162573
564,5.64,1263.57,-859.653,0.0232304200708
565,5.65,1269.06,-860.8125,0.0363293041674
566,5.66,1274.695,-861.8595,0.0488825271772
567,5.67,1280.35,-862.9635,0.0616283875748
568,5.68,1286.03,-864.038,0.0739136202329
569,5.69,1291.64,-865.0965,0.0859146861794
570,5.7,1297.05,-866.0845,0.0979861462014
571,5.71,1302.37,-867.261,0.108380157155
572,5.72,1308.115,-867.9835,0.121299853834
573,5.73,1313.62,-868.817,0.13270954841
574,5.74,1319.01,-869.542,0.164686645666
575,5.75,1324.635,-870.112,0.178497141188
576,5.76,1330.395,-870.538,0.192660369868
577,5.77,1336.2,-870.9755,0.206545012325
578,5.78,1341.765,-871.617,0.220113639212
579,5.79,1347.575,-871.88,0.233246527137
580,5.8,1353.35,-872.0675,0.246976367136
581,5.81,1359.275,-872.062,0.260700117368
582,5.82,1365.165,-872.101,0.274409822125
583,5.83,1371.325,-872.0625,0.28835776799
584,5.84,1377.35,-872.037,0.3014693157
585,5.85,1383.42,-871.8835,0.314407999793
586,5.86,1389.64,-871.652,0.328167786632
587,5.87,1395.885,-871.457,0.341114278971
588,5.88,1402.06,-871.2175,0.354060764102
589,5.89,1408.245,-870.83,0.367431056103
590,5.9,1414.415,-870.5195,0.380426641436
591,5.91,1420.635,-870.6595,0.392789213192
592,5.92,1426.625,-869.5095,0.40669166988
593,5.93,1432.455,-869.164,0.419473144776
594,5.94,1438.305,-868.21,0.432908109059
595,5.95,1444.285,-867.393,0.446094643969
596,5.96,1450.215,-866.686,0.45993891113
597,5.97,1456.21,-865.421,0.473253962186
598,5.98,1462.42,-865.38,0.487389103061
599,5.99,1468.46,-864.054,0.501209759623
600,6.0,1474.55,-863.1255,0.514429527889
601,6.01,1480.755,-862.38,0.527531085566
602,6.02,1486.17,-860.155,0.540757717127
603,6.03,1492.2,-859.209,0.553556305659
604,6.04,1498.25,-858.31,0.566309082088
605,6.05,1504.2,-856.956,0.579471087962
606,6.06,1510.02,-855.684,0.592725607215
607,6.07,1515.685,-853.8935,0.606528215466
608,6.08,1521.635,-852.6415,0.619946696054
609,6.09,1527.765,-851.4465,0.633176795699
610,6.1,1533.815,-850.3365,0.646234094398
611,6.11,1539.785,-849.1205,0.659457846988
612,6.12,1545.68,-847.7365,0.672768298888
613,6.13,1551.555,-845.961,0.686564540796
614,6.14,1557.285,-844.2375,0.699869280215
615,6.15,1563.015,-842.385,0.713409071888
616,6.16,1568.985,-840.604,0.726637022827
617,6.17,1575.055,-838.613,0.74005963446
618,6.18,1580.885,-836.7095,0.752873103808
619,6.19,1586.75,-834.727,0.765990495459
620,6.2,1592.49,-832.623,0.77836773777
621,6.21,1598.18,-830.506,0.791641601354
622,6.22,1603.6,-828.486,0.803796121222
623,6.23,1608.995,-826.4175,0.814834980782
624,6.24,1614.38,-824.2885,0.826111359103
625,6.25,1619.46,-822.1775,0.836874581944
626,6.26,1624.39,-820.0515,0.847425984237
627,6.27,1629.38,-817.9,0.857536742723
628,6.28,1634.23,-815.753,0.867161528171
629,6.29,1638.925,-813.6425,0.876619470954
630,6.3,1643.815,-811.3215,0.886282867508
631,6.31,1648.695,-809.043,0.89526369563
632,6.32,1653.535,-806.825,0.904226901456
633,6.33,1656.84,-804.3075,0.910176846385
634,6.34,1661.375,-801.753,0.918940195845
635,6.35,1665.93,-799.1935,0.927615927647
636,6.36,1670.46,-796.556,0.936165393673
637,6.37,1674.785,-793.8415,0.944097779564
638,6.38,1679.065,-791.096,0.952313468393
639,6.39,1683.215,-788.3145,0.960661014548
640,6.4,1687.205,-785.441,0.968642133853
641,6.41,1691.355,-782.489,0.976330756445
642,6.42,1695.36,-779.607,0.983608324798
643,6.43,1699.27,-776.596,0.99122616209
644,6.44,1703.25,-773.5685,0.998898320364
645,6.45,1707.185,-770.464,1.0064492132
646,6.46,1711.025,-767.385,1.01400455823
647,6.47,1714.85,-764.2935,1.02129442812
648,6.48,1718.665,-761.1495,1.02858721245
649,6.49,1722.43,-758.041,1.03674335086
650,6.5,1726.01,-754.991,1.0440569254
651,6.51,1729.635,-751.78,1.05148597059
652,6.52,1733.25,-748.5995,1.05902187661
653,6.53,1736.94,-745.2325,1.06785668957
654,6.54,1740.6,-741.8705,1.07630104245
655,6.55,1743.825,-735.423,1.09355015498
656,6.56,1747.22,-732.529,1.10001224373
657,6.57,1750.625,-730.545,1.10409991081
658,6.58,1754.035,-727.542,1.11085031047
659,6.59,1757.44,-724.28,1.1187635537
660,6.6,1760.76,-720.819,1.12681576849
661,6.61,1764.155,-717.27,1.13524642221
662,6.62,1767.53,-713.5665,1.14341367913
663,6.63,1770.775,-709.812,1.15213390666
664,6.64,1773.975,-705.9405,1.16069750751
665,6.65,1777.265,-701.912,1.17004820744
666,6.66,1780.44,-697.8645,1.1789083421
667,6.67,1783.56,-693.919,1.18784528616
668,6.68,1786.57,-690.1405,1.19576474651
669,6.69,1789.56,-685.6435,1.20517148952
670,6.7,1792.685,-681.427,1.21512548154
671,6.71,1795.8,-677.1685,1.22429418776
672,6.72,1798.92,-672.916,1.23356525884
673,6.73,1801.93,-668.6535,1.24256868997
674,6.74,1804.9,-664.4485,1.25166829082
675,6.75,1807.85,-660.12,1.26119670354
676,6.76,1810.79,-655.7605,1.27080782259
677,6.77,1813.725,-651.3595,1.28084400253
678,6.78,1816.615,-646.953,1.29042471812
679,6.79,1819.48,-642.669,1.29953462806
680,6.8,1822.62,-638.603,1.30841423043
681,6.81,1824.655,-631.415,1.32686698873
682,6.82,1827.31,-627.334,1.33589865733
683,6.83,1829.995,-623.1225,1.34468210977
684,6.84,1832.76,-618.9015,1.35316285833
685,6.85,1835.495,-614.714,1.36191732612
686,6.86,1838.075,-610.4445,1.37049193333
687,6.87,1840.56,-606.3015,1.37885328352
688,6.88,1843.005,-602.0135,1.38717962635
689,6.89,1845.555,-597.702,1.39524433108
690,6.9,1848.125,-593.3905,1.40381623697
691,6.91,1850.7,-589.231,1.41178445292
692,6.92,1853.205,-585.0095,1.41957736859
693,6.93,1855.66,-580.6295,1.42793352993
694,6.94,1858.18,-576.349,1.43587380521
695,6.95,1860.74,-572.2155,1.44333254279
696,6.96,1863.345,-567.703,1.45193169734
697,6.97,1866.03,-563.184,1.4603829785
698,6.98,1868.72,-558.644,1.46908835628
699,6.99,1871.38,-554.1875,1.47787907391
700,7.0,1873.92,-549.6675,1.48651768595
701,7.01,1876.425,-545.1365,1.4947179695
702,7.02,1878.97,-540.691,1.50350587912
703,7.03,1881.29,-535.617,1.51410455468
704,7.04,1883.8,-531.2375,1.52268809461
705,7.05,1885.585,-526.062,1.53345119708
706,7.06,1887.98,-521.425,1.5421843681
707,7.07,1890.355,-516.8255,1.55099242933
708,7.08,1892.675,-512.0825,1.55964664545
709,7.09,1894.97,-507.484,1.56830761442
710,7.1,1897.2,-502.7195,1.5768791667
711,7.11,1899.54,-497.774,1.58575427002
712,7.12,1901.88,-492.9175,1.59445045806
713,7.13,1904.205,-487.9525,1.60342464103
714,7.14,1906.43,-483.151,1.6117987202
715,7.15,1908.675,-478.082,1.6208142893
716,7.16,1911.0,-473.111,1.62931954519
717,7.17,1913.345,-468.0985,1.63829612131
718,7.18,1915.575,-462.9285,1.64738369185
719,7.19,1917.795,-457.874,1.65612444559
720,7.2,1919.885,-452.7095,1.66473836797
721,7.21,1921.79,-447.5955,1.67326173449
722,7.22,1923.81,-442.4385,1.68165558656
723,7.23,1925.725,-437.1125,1.68984151778
724,7.24,1927.64,-431.721,1.69762679514
725,7.25,1929.615,-426.3225,1.70589970235
726,7.26,1931.42,-420.892,1.7135895988
727,7.27,1933.24,-415.4215,1.72073037268
728,7.28,1934.99,-409.784,1.72815686611
729,7.29,1936.62,-404.1145,1.73527418627
730,7.3,1938.2,-398.3495,1.74295825895
731,7.31,1939.6,-392.6975,1.74991756116
732,7.32,1940.985,-386.892,1.7573114916
733,7.33,1942.35,-380.934,1.76458281976
734,7.34,1943.72,-374.955,1.77176403878
735,7.35,1944.95,-369.0811,1.77864312481
736,7.36,1946.065,-363.11425,1.78524543195
737,7.37,1947.025,-356.99535,1.7921340686
738,7.38,1947.845,-350.9835,1.79832256794
739,7.39,1948.655,-344.96675,1.80444320564
740,7.4,1949.52,-339.1808,1.81005780405
741,7.41,1950.345,-333.2476,1.81566242394
742,7.42,1950.9,-327.34255,1.82125466776
743,7.43,1951.295,-321.31505,1.82714805362
744,7.44,1951.675,-315.25825,1.8333889786
745,7.45,1951.89,-309.21545,1.83932460009
746,7.46,1952.06,-303.0556,1.84522364574
747,7.47,1952.24,-296.914,1.85099828982
748,7.48,1952.375,-290.71855,1.85669378268
749,7.49,1952.38,-284.322265,1.86289233589
750,7.5,1952.605,-278.085575,1.86793405197
751,7.51,1952.57,-271.84824,1.87370063417
752,7.52,1952.43,-265.72095,1.87913820035
753,7.53,1952.195,-259.4458,1.88478598432
754,7.54,1952.045,-253.0823,1.89029514875
755,7.55,1951.93,-246.78185,1.89592447212
756,7.56,1951.855,-240.49395,1.90140859777
757,7.57,1951.68,-234.0701,1.90707187003
758,7.58,1951.505,-227.52915,1.91233775611
759,7.59,1951.37,-220.938,1.91803283722
760,7.6,1951.38,-214.38735,1.92301812471
761,7.61,1951.22,-207.8723,1.92842485018
762,7.62,1950.945,-201.4733,1.93352416865
763,7.63,1950.715,-195.1296,1.93901681878
764,7.64,1950.37,-188.7758,1.94429943939
765,7.65,1949.86,-182.3782,1.94946609833
766,7.66,1949.495,-176.103,1.95482075005
767,7.67,1949.175,-169.837,1.96025743057
768,7.68,1948.615,-163.43,1.96584457777
769,7.69,1948.09,-157.1805,1.97100984078
770,7.7,1947.585,-150.8015,1.9765931598
771,7.71,1947.03,-144.428,1.98188616909
772,7.72,1946.48,-137.9765,1.98771048904
773,7.73,1945.935,-131.617,1.99281792724
774,7.74,1945.305,-125.1565,1.99823011749
775,7.75,1944.715,-118.8475,2.00361242627
776,7.76,1943.97,-112.6085,2.00855785283
777,7.77,1943.22,-106.314,2.01424013012
778,7.78,1942.55,-99.9685,2.01922088133
779,7.79,1941.855,-93.577,2.02483604796
780,7.8,1941.195,-87.2765,2.03019718675
781,7.81,1940.57,-80.979,2.03565182266
782,7.82,1939.885,-74.743,2.04117804976
783,7.83,1939.085,-68.7205,2.04679654107
784,7.84,1938.235,-62.5295,2.05243575862
785,7.85,1937.365,-56.289,2.05826509053
786,7.86,1936.43,-49.879,2.06418211882
787,7.87,1935.53,-43.5255,2.07010768985
788,7.88,1934.725,-37.2395,2.07614291248
789,7.89,1933.705,-30.9685,2.08198464495
790,7.9,1932.64,-24.7985,2.08794909398
791,7.91,1931.465,-18.706,2.09406443456
792,7.92,1930.27,-12.633,2.09966706971
793,7.93,1929.05,-6.477,2.10572689977
794,7.94,1927.8,-0.5135,2.11162444781
795,7.95,1926.47,5.5985,2.11739225708
796,7.96,1925.19,11.833,2.12361142747
797,7.97,1923.945,17.8755,2.12953684774
798,7.98,1922.655,23.9065,2.1357970722
799,7.99,1921.29,29.9165,2.14205707638
800,8.0,1919.735,35.8025,2.14820960786
801,8.01,1918.205,41.5425,2.1542356478
802,8.02,1916.51,47.368,2.16045055022
803,8.03,1914.875,53.1565,2.16713456183
804,8.04,1913.04,58.9325,2.17358440913
805,8.05,1911.215,64.753,2.18006300797
806,8.06,1909.385,70.5695,2.18663424382
807,8.07,1907.555,76.34,2.19329523619
808,8.08,1905.575,82.0455,2.19978173153
809,8.09,1903.765,87.741,2.20614307552
810,8.1,1901.805,93.5025,2.2130416749
811,8.11,1899.715,99.0445,2.21902014156
812,8.12,1897.59,104.64,2.22519183382
813,8.13,1895.41,110.1445,2.2316671222
814,8.14,1893.145,115.3665,2.23724037291
815,8.15,1890.855,120.737,2.2435691561
816,8.16,1888.56,126.0645,2.24970025011
817,8.17,1886.245,131.4255,2.25565978498
818,8.18,1883.86,136.6855,2.26172314108
819,8.19,1881.445,141.9145,2.26781123888
820,8.2,1879.12,147.1645,2.27374601122
821,8.21,1876.685,152.494,2.27970332735
822,8.22,1874.225,157.8285,2.28617124469
823,8.23,1872.03,162.8545,2.29188742687
824,8.24,1869.61,168.023,2.29857120754
825,8.25,1866.975,173.0925,2.30473936842
826,8.26,1864.37,178.1095,2.310965685
827,8.27,1861.63,183.28645,2.3175704804
828,8.28,1858.915,188.339,2.32389968191
829,8.29,1856.175,193.577,2.33069169553
830,8.3,1853.42,198.74485,2.33739642914
831,8.31,1850.65,203.7942,2.34418604115
832,8.32,1847.815,208.76275,2.35078972598
833,8.33,1844.845,213.80985,2.35728292807
834,8.34,1841.74,218.77245,2.3637482988
835,8.35,1838.7,223.62695,2.37019906877
836,8.36,1835.565,228.3322,2.37643710942
837,8.37,1832.345,232.971,2.38251517456
838,8.38,1829.015,237.6773,2.389197863
839,8.39,1825.685,242.4249,2.39554903115
840,8.4,1822.41,247.2833,2.40266131677
841,8.41,1819.08,251.884,2.4089756978
842,8.42,1815.715,256.37395,2.41532706303
843,8.43,1812.435,261.1486,2.42179709257
844,8.44,1809.055,265.811645,2.42848990246
845,8.45,1805.805,270.4113045,2.43466558053
846,8.46,1802.495,275.1734,2.44136277501
847,8.47,1799.21,279.7053,2.44769648603
848,8.48,1795.85,284.2953,2.45418627148
849,8.49,1792.47,288.6158,2.4606880057
850,8.5,1789.145,292.9695,2.46733746687
851,8.51,1785.54,297.52395,2.47425415719
852,8.52,1781.86,302.0126,2.48107929602
853,8.53,1778.355,306.4165,2.48769329394
854,8.54,1774.86,310.8811,2.49457205417
855,8.55,1771.22,315.33,2.50150746819
856,8.56,1767.55,319.7615,2.5087122209
857,8.57,1763.915,324.14535,2.51565433303
858,8.58,1760.12,328.63285,2.52259174618
859,8.59,1756.235,333.2442,2.52950440862
860,8.6,1752.42,337.8123,2.53618635948
861,8.61,1748.465,342.28835,2.54261675608
862,8.62,1744.375,346.6942,2.54919963386
863,8.63,1740.325,351.0736,2.55572051097
864,8.64,1736.215,355.4605,2.56238404525
865,8.65,1732.13,359.831,2.56889961225
866,8.66,1727.945,364.218,2.57565468471
867,8.67,1723.8,368.6755,2.5825085517
868,8.68,1719.63,373.0325,2.58912419147
869,8.69,1715.46,377.4225,2.59595870238
870,8.7,1711.185,381.9235,2.60283242116
871,8.71,1706.935,386.294,2.60991837236
872,8.72,1702.655,390.659,2.61673324989
873,8.73,1698.17,395.169,2.62348315273
874,8.74,1693.85,399.687,2.63073674155
875,8.75,1689.525,404.086,2.63751036717
876,8.76,1685.0,408.5355,2.64444308711
877,8.77,1680.42,413.0555,2.65128914376
878,8.78,1676.005,417.3905,2.65796352428
879,8.79,1671.46,421.677,2.66489773354
880,8.8,1666.83,425.943,2.671132473
881,8.81,1662.31,430.427,2.67816320662
882,8.82,1657.775,434.6795,2.68439978598
883,8.83,1653.285,438.954,2.69112319744
884,8.84,1648.83,443.608,2.69855983703
885,8.85,1644.285,447.888,2.70519587829
886,8.86,1639.735,452.0015,2.71171691576
887,8.87,1635.12,456.1425,2.71822313493
888,8.88,1630.46,460.4385,2.72477745292
889,8.89,1625.84,464.523,2.73112662963
890,8.9,1621.14,468.643,2.73716489836
891,8.91,1616.435,472.764,2.74295157081
892,8.92,1611.79,476.9555,2.74907068204
893,8.93,1607.085,481.2215,2.75502829962
894,8.94,1602.32,485.312,2.76040899332
895,8.95,1597.64,489.2965,2.76621097152
896,8.96,1592.81,493.3305,2.77168799001
897,8.97,1587.96,497.49,2.77739885414
898,8.98,1583.155,501.5055,2.78331354957
899,8.99,1578.305,505.6,2.78865257255
900,9.0,1573.35,509.484,2.79391849013
901,9.01,1568.43,513.32,2.7988370559
902,9.02,1563.495,517.0215,2.80354580064
903,9.03,1558.75,520.554,2.80802571536
904,9.04,1552.77,523.292,2.81028883803
905,9.05,1549.745,529.059,2.82011748144
906,9.06,1542.715,529.959,2.81819355755
907,9.07,1540.325,536.582,2.83052591147
908,9.08,1535.63,540.2955,2.83560872528
909,9.09,1531.015,543.9455,2.84096423407
910,9.1,1526.54,547.4085,2.84627905151
911,9.11,1521.97,550.8325,2.8513628317
912,9.12,1517.475,554.418,2.85692622136
913,9.13,1513.13,557.845,2.86213630881
914,9.14,1508.78,561.1595,2.86762704453
915,9.15,1504.405,564.5745,2.87281200909
916,9.16,1499.93,567.93,2.87805256066
917,9.17,1496.05,571.9525,2.88460855959
918,9.18,1491.52,575.041,2.88923561316
919,9.19,1486.985,578.347,2.89400077151
920,9.2,1482.58,581.823,2.89959115773
921,9.21,1478.215,585.1945,2.90450813349
922,9.22,1473.7,588.494,2.90979379445
923,9.23,1469.015,591.8625,2.91494403003
924,9.24,1464.37,595.299,2.91977248801
925,9.25,1459.81,598.6045,2.92510194924
926,9.26,1455.09,602.0485,2.93019059628
927,9.27,1450.325,605.503,2.93534565582
928,9.28,1445.575,608.7625,2.94029825752
929,9.29,1440.865,612.029,2.94548953443
930,9.3,1435.925,615.4005,2.95050121338
931,9.31,1430.91,618.9,2.95578955914
932,9.32,1426.115,622.1995,2.96067334608
933,9.33,1421.21,625.6315,2.96580378477
934,9.34,1416.12,629.1235,2.97096294658
935,9.35,1411.095,632.519,2.97591033591
936,9.36,1406.04,635.842,2.98112203253
937,9.37,1400.815,639.2755,2.9859991535
938,9.38,1395.55,642.687,2.99143258952
939,9.39,1390.325,646.169,2.99660068182
940,9.4,1385.025,649.559,3.00201198447
941,9.41,1379.515,653.1505,3.00742474453
942,9.42,1373.9,656.68,3.01228654233
943,9.43,1368.255,660.173,3.01753400279
944,9.44,1362.575,663.6655,3.02302434456
945,9.45,1356.925,666.9785,3.02857939905
946,9.46,1351.45,670.2085,3.03472280326
947,9.47,1345.99,673.439,3.04153403106
948,9.48,1340.69,676.378,3.04792208443
949,9.49,1335.445,679.1895,3.05537660985
950,9.5,1330.085,681.947,3.06240737553
951,9.51,1324.825,684.719,3.07059569834
952,9.52,1319.51,687.252,3.07785617642
953,9.53,1314.095,689.8045,3.08568217974
954,9.54,1308.605,692.25,3.09323545083
955,9.55,1302.865,694.7345,3.10075647199
956,9.56,1297.215,697.193,3.10858507167
957,9.57,1291.475,699.468,3.11650858358
958,9.58,1285.65,701.676,3.12448916373
959,9.59,1279.73,703.7885,3.13254689885
960,9.6,1273.985,705.8205,3.14114206345
961,9.61,1268.27,707.6835,-3.13350266113
962,9.62,1262.555,710.023,-3.12385227862
963,9.63,1256.92,711.686,-3.11497245727
964,9.64,1251.26,713.201,-3.10625718434
965,9.65,1245.4585,714.6455,-3.09756352397
966,9.66,1239.731,716.1025,-3.08823985353
967,9.67,1234.034,717.5165,-3.07893691859
968,9.68,1228.31,718.646,-3.07006698017
969,9.69,1222.571,719.7115,-3.06108316113
970,9.7,1216.7965,720.6415,-3.0518166444
971,9.71,1211.001,721.628,-3.04273925009
972,9.72,1205.042,722.5925,-3.03359127564
973,9.73,1199.0795,723.4625,-3.02423858246
974,9.74,1193.1645,724.3105,-3.01542654683
975,9.75,1187.346,725.0085,-3.00642394601
976,9.76,1181.499,725.6305,-2.99791996971
977,9.77,1175.5465,726.2955,-2.98910550466
978,9.78,1169.5955,726.9405,-2.98014618099
979,9.79,1163.92,727.5395,-2.9712813476
980,9.8,1158.233,728.024,-2.96258407478
981,9.81,1152.541,728.4605,-2.95362149602
982,9.82,1147.024,728.966,-2.94459410274
983,9.83,1141.1025,729.648,-2.93468713385
984,9.84,,,
985,9.85,1130.5605,733.0365,-2.91040214604
986,9.86,1125.152,732.238,-2.90309122106
987,9.87,1120.516,732.3995,-2.89398511192
988,9.88,1114.9875,731.425,-2.88648065996
989,9.89,1109.98,731.094,-2.87816944154
990,9.9,1105.1185,731.1395,-2.86890920957
991,9.91,1100.297,731.017,-2.85973484628
992,9.92,1095.6195,730.844,-2.85039134827
993,9.93,1091.0345,730.58,-2.84152688823
994,9.94,1086.4485,730.3445,-2.83266403418
995,9.95,1081.983,729.9365,-2.82379878344
996,9.96,1077.668,729.882,-2.81447828816
997,9.97,1073.1595,729.2075,-2.80610658566
998,9.98,1068.76,728.424,-2.79804449102
999,9.99,1064.4925,727.8405,-2.78944971372
1000,10.0,1060.1645,727.1705,-2.7809488306
1001,10.01,1055.7345,726.3795,-2.77233789027
1002,10.02,1051.413,725.487,-2.76423620229
1003,10.03,1047.1575,724.493,-2.75587684607
1004,10.04,1042.619,723.356,-2.74764456775
1005,10.05,1038.1905,722.301,-2.73981636905
1006,10.06,1033.731,721.0675,-2.73185756377
1007,10.07,1029.213,719.6935,-2.72437780303
1008,10.08,1024.7225,718.068,-2.71676260928
1009,10.09,1020.198,716.4235,-2.70912696591
1010,10.1,1015.573,714.649,-2.70115486357
1011,10.11,1010.905,712.854,-2.6933745197
1012,10.12,1006.269,711.0505,-2.68525582421
1013,10.13,1001.564,709.212,-2.6771696659
1014,10.14,996.6935,707.1885,-2.66909218737
1015,10.15,991.8875,705.2595,-2.66120862353
1016,10.16,987.08,703.3075,-2.65296141499
1017,10.17,982.0665,701.336,-2.64444744275
1018,10.18,977.04,699.2135,-2.63664036619
1019,10.19,972.0565,697.0255,-2.62829199798
1020,10.2,967.012,694.8745,-2.61993337451
1021,10.21,961.903,692.631,-2.6115958335
1022,10.22,956.847,690.362,-2.60348776836
1023,10.23,951.7675,688.0325,-2.59506674534
1024,10.24,946.5935,685.6225,-2.5868774871
1025,10.25,941.3375,683.2755,-2.57856975765
1026,10.26,936.0905,680.841,-2.57044534904
1027,10.27,930.886,678.2765,-2.56216376837
1028,10.28,925.475,675.7365,-2.5542160172
1029,10.29,920.025,673.2195,-2.54621386574
1030,10.3,914.6655,670.701,-2.53840853746
1031,10.31,909.3175,668.1385,-2.5304142182
1032,10.32,903.837,665.4595,-2.52247731538
1033,10.33,898.436,662.6945,-2.51495546498
1034,10.34,893.2015,659.8555,-2.50739157774
1035,10.35,887.7365,657.0825,-2.4997383915
1036,10.36,882.324,654.3165,-2.49255191077
1037,10.37,877.0345,651.449,-2.48487507649
1038,10.38,871.581,648.6565,-2.47730191474
1039,10.39,866.1625,645.8045,-2.46996043502
1040,10.4,860.8325,642.9595,-2.46251639849
1041,10.41,855.3965,640.0665,-2.45536272335
1042,10.42,849.9425,637.048,-2.44799336955
1043,10.43,844.6615,633.964,-2.44084579658
1044,10.44,839.3575,630.9835,-2.43357153129
1045,10.45,834.038,627.88,-2.42612797733
1046,10.46,828.7595,624.801,-2.41883871181
1047,10.47,823.506,621.6265,-2.41178249851
1048,10.48,818.2655,618.452,-2.40490050022
1049,10.49,813.086,615.287,-2.39749816439
1050,10.5,807.9855,612.072,-2.39049608477
1051,10.51,802.7585,608.7795,-2.38340037458
1052,10.52,797.5725,605.6235,-2.37646130336
1053,10.53,792.575,602.316,-2.36961299319
1054,10.54,787.56,598.8555,-2.3629308034
1055,10.55,782.567,595.35,-2.35642701821
1056,10.56,777.7695,591.822,-2.3496174957
1057,10.57,773.0865,588.178,-2.34317770922
1058,10.58,768.264,584.403,-2.33619912662
1059,10.59,763.7525,580.7115,-2.33005746671
1060,10.6,759.282,577.0015,-2.3230528257
1061,10.61,754.8535,573.1475,-2.31662633411
1062,10.62,750.6015,569.2935,-2.3098132206
1063,10.63,746.4425,565.609,-2.30338160159
1064,10.64,742.281,561.7395,-2.29672478591
1065,10.65,738.2565,558.0385,-2.28995377442
1066,10.66,734.4305,554.127,-2.283487014
1067,10.67,730.429,550.247,-2.27670862544
1068,10.68,726.548,546.439,-2.27018371532
1069,10.69,722.8495,542.3985,-2.26443134052
1070,10.7,719.198,538.3905,-2.25818459299
1071,10.71,715.601,534.2115,-2.25240260155
1072,10.72,712.013,530.2035,-2.24613024977
1073,10.73,708.574,526.1805,-2.24035733819
1074,10.74,705.3045,522.153,-2.23443453413
1075,10.75,701.943,517.886,-2.22832164493
1076,10.76,698.7725,513.671,-2.22247311907
1077,10.77,695.7115,509.596,-2.21643688437
1078,10.78,692.5795,505.3725,-2.21071803611
1079,10.79,689.624,501.0545,-2.20474522211
1080,10.8,686.698,496.8635,-2.19928303495
1081,10.81,683.7855,492.719,-2.19344883507
1082,10.82,680.9975,488.3455,-2.18766584794
1083,10.83,678.269,484.119,-2.18327592522
1084,10.84,675.603,479.7955,-2.17800635828
1085,10.85,672.958,475.4305,-2.17258442839
1086,10.86,670.3695,471.162,-2.16730186529
1087,10.87,667.903,466.832,-2.16204131599
1088,10.88,665.4015,462.4335,-2.15667986375
1089,10.89,662.9835,458.128,-2.15114998485
1090,10.9,660.5645,453.791,-2.14584082092
1091,10.91,658.19,449.543,-2.14089016783
1092,10.92,655.8105,445.2135,-2.13581502217
1093,10.93,653.459,440.8235,-2.13053937995
1094,10.94,651.181,436.521,-2.12543149445
1095,10.95,649.0185,432.046,-2.12020576892
1096,10.96,646.922,427.6625,-2.11562351304
1097,10.97,644.901,423.2185,-2.11072605012
1098,10.98,642.792,418.742,-2.10592990434
1099,10.99,640.757,414.36,-2.10115183538
1100,11.0,638.727,409.8845,-2.09630323514
1101,11.01,636.786,405.519,-2.09189431987
1102,11.02,634.9865,401.067,-2.08741670155
1103,11.03,633.115,396.4815,-2.08269183527
1104,11.04,631.352,392.0345,-2.07816232058
1105,11.05,629.588,387.5455,-2.07330097909
1106,11.06,627.9775,383.154,-2.06904194536
1107,11.07,626.3635,378.657,-2.06454239319
1108,11.08,624.8795,374.0845,-2.06039885201
1109,11.09,623.399,369.516,-2.05557168007
1110,11.1,622.013,365.108,-2.05104262496
1111,11.11,620.6555,360.5495,-2.0467803098
1112,11.12,619.279,355.931,-2.04219436249
1113,11.13,617.9465,351.3335,-2.03801919373
1114,11.14,616.542,346.872,-2.03359534546
1115,11.15,615.075,342.2645,-2.02901417393
1116,11.16,613.6115,337.722,-2.02466524072
1117,11.17,612.0975,333.191,-2.02038535487
1118,11.18,610.6595,328.657,-2.01600652622
1119,11.19,609.2525,324.013,-2.01167861545
1120,11.2,607.908,319.4875,-2.00720927939
1121,11.21,606.605,314.936,-2.00258020895
1122,11.22,605.3365,310.3625,-1.99785426151
1123,11.23,604.1085,305.7985,-1.99354747038
1124,11.24,602.9295,301.2895,-1.98862656687
1125,11.25,601.698,296.676,-1.9840999824
1126,11.26,600.5385,292.2245,-1.97951717346
1127,11.27,599.3355,287.5695,-1.97491793169
1128,11.28,598.1405,283.1125,-1.97040948083
1129,11.29,596.8135,278.56,-1.96611033542
1130,11.3,595.448,274.033,-1.96174546994
1131,11.31,594.0525,269.47855,-1.95732028406
1132,11.32,592.67,265.2084,-1.9529615579
1133,11.33,591.3405,260.74005,-1.94836026848
1134,11.34,590.1265,256.27435,-1.94382825176
1135,11.35,588.89,251.78345,-1.9388754357
1136,11.36,587.822,247.4002,-1.93434249209
1137,11.37,586.8285,242.9628,-1.929492962
1138,11.38,585.824,238.4639,-1.92476496904
1139,11.39,584.9535,234.0401,-1.92007118965
1140,11.4,584.0845,229.6601,-1.91509811951
1141,11.41,583.185,225.36105,-1.91037874489
1142,11.42,582.2825,220.96575,-1.90546948701
1143,11.43,581.3645,216.66095,-1.90083102239
1144,11.44,580.3665,212.33245,-1.89572024447
1145,11.45,579.464,208.10165,-1.89086503626
1146,11.46,578.49,203.8056,-1.88603688858
1147,11.47,577.646,199.507,-1.88122156589
1148,11.48,576.907,195.389735,-1.87613305033
1149,11.49,576.244,191.1659405,-1.87133573584
1150,11.5,575.607,186.94375,-1.86590739853
1151,11.51,574.9765,182.83325,-1.86107442765
1152,11.52,574.3625,178.6706,-1.85569624313
1153,11.53,573.731,174.53265,-1.85108278188
1154,11.54,573.0405,170.4445,-1.84577837971
1155,11.55,572.3565,166.29105,-1.84064315874
1156,11.56,571.7455,162.2577,-1.83575731251
1157,11.57,571.156,158.22525,-1.83078794846
1158,11.58,570.5115,154.33225,-1.82578293574
1159,11.59,569.9635,150.3822,-1.82074230398
1160,11.6,569.404,146.4548,-1.81550179148
1161,11.61,568.856,142.57555,-1.8109001604
1162,11.62,568.2975,138.74815,-1.8059638678
1163,11.63,567.7895,134.9728,-1.8011291054
1164,11.64,567.2975,131.4009,-1.79634730874
1165,11.65,566.763,127.6505,-1.79126685692
1166,11.66,566.354,123.9546,-1.78637328025
1167,11.67,565.884,120.4458,-1.78159381772
1168,11.68,565.5015,116.9063,-1.7767357185
1169,11.69,565.063,113.38235,-1.77172774331
1170,11.7,564.633,110.052,-1.76683403788
1171,11.71,564.288,106.7275,-1.76219518089
1172,11.72,563.9625,103.3235,-1.75724775561
1173,11.73,563.674,100.151,-1.75222394039
1174,11.74,563.367,97.09,-1.74700138429
1175,11.75,563.103,93.9425,-1.7423399376
1176,11.76,562.8085,90.844,-1.7377120223
1177,11.77,562.488,87.828,-1.7332400003
1178,11.78,562.0895,84.8555,-1.72857123185
1179,11.79,561.6875,81.8125,-1.72374422194
1180,11.8,561.3665,79.0235,-1.71932128293
1181,11.81,561.075,76.327,-1.71496768784
1182,11.82,560.708,73.4985,-1.71024621485
1183,11.83,560.3895,70.7705,-1.70593903056
1184,11.84,560.099,68.129,-1.70162674239
1185,11.85,559.7005,65.47,-1.69721756866
1186,11.86,559.341,62.834,-1.69273354672
1187,11.87,559.0295,60.356,-1.68866801162
1188,11.88,558.6475,57.924,-1.68456460082
1189,11.89,558.2465,55.4575,-1.68042575246
1190,11.9,557.9305,53.059,-1.67634773285
1191,11.91,557.6495,50.8325,-1.67245366737
1192,11.92,557.388,48.681,-1.66870406969
1193,11.93,557.036,46.405,-1.66474014583
1194,11.94,556.774,44.3515,-1.66119595087
1195,11.95,556.586,42.3835,-1.65758808186
1196,11.96,556.374,40.301,-1.65380744018
1197,11.97,556.2265,38.336,-1.65017003524
1198,11.98,556.0445,36.4745,-1.6469908493
1199,11.99,555.8295,34.591,-1.64377077073
1200,12.0,555.664,32.7975,-1.64087207474
1201,12.01,555.433,30.9975,-1.63796909068
1202,12.02,555.306,29.3765,-1.63513557912
1203,12.03,555.096,27.7375,-1.63233051991
1204,12.04,554.9555,26.1505,-1.62948760794
1205,12.05,554.6675,24.6255,-1.62695065943
1206,12.06,554.541,23.2075,-1.62458856632
1207,12.07,554.3245,21.69,-1.6220863868
1208,12.08,554.2305,20.39,-1.62034065411
1209,12.09,554.146,19.027,-1.61847263979
1210,12.1,554.0705,17.6565,-1.61670175857
1211,12.11,553.9935,16.4325,-1.61498827076
1212,12.12,553.872,15.2255,-1.61351247195
1213,12.13,553.787,14.1,-1.61194016827
1214,12.14,553.702,13.0595,-1.61060830192
1215,12.15,553.5655,12.108,-1.60940822629
1216,12.16,553.4515,11.1345,-1.6079962819
1217,12.17,553.3555,10.3265,-1.60710280622
1218,12.18,553.2305,9.523,-1.60609636417
1219,12.19,553.0845,8.709,-1.60506494433
1220,12.2,553.0265,8.0545,-1.60428186635
1221,12.21,552.969,7.482,-1.60339098264
1222,12.22,552.905,6.973,-1.60256471376
1223,12.23,552.818,6.451,-1.60169379753
1224,12.24,552.7125,6.012,-1.60096717159
1225,12.25,552.5755,5.6025,-1.6002427885
1226,12.26,552.4715,5.291,-1.59984434996
1227,12.27,552.3765,5.0145,-1.59937080429
1228,12.28,552.28,4.774,-1.59897688882
1229,12.29,552.215,4.571,-1.59869628389
1230,12.3,552.144,4.4115,-1.59845417893
1231,12.31,552.119,4.293,-1.59822704096
1232,12.32,552.0815,4.172,-1.59802597455
1233,12.33,552.0865,4.113,-1.59799312956
1234,12.34,552.091,4.044,-1.5978709045
1235,12.35,552.1015,4.0085,-1.59781224349
1236,12.36,552.1075,3.989,-1.59781208567
1237,12.37,552.107,3.9725,-1.5977737835
1238,12.38,552.1235,3.96,-1.59780491364
1239,12.39,552.127,3.9445,-1.59776318899
1240,12.4,552.1455,3.954,-1.59781906892
1241,12.41,552.1735,3.9655,-1.59786634144
1242,12.42,552.2185,3.98,-1.59787067181
1243,12.43,552.302,4.0075,-1.59795805509
1244,12.44,552.3555,4.0775,-1.5980632831
1245,12.45,552.338,4.175,-1.5979297003
1246,12.46,552.322,4.172,-1.59785611317
1247,12.47,552.318,4.1725,-1.59779978685
1248,12.48,552.3195,4.132,-1.59774677403
1249,12.49,552.311,4.092,-1.59774260769
1250,12.5,552.293,4.065,-1.59792685348
1251,12.51,552.2555,4.0445,-1.59790366489
1252,12.52,552.21,4.063,-1.59781319953
1253,12.53,552.216,4.124,-1.59771722456
1254,12.54,552.2835,3.9965,-1.59774041029
1255,12.55,552.2905,3.9165,-1.59768000408
1256,12.56,552.3155,3.886,-1.59767615487
1257,12.57,552.341,3.8705,-1.59772763546
1258,12.58,552.3565,3.8475,-1.59767204035
1259,12.59,552.361,3.7265,-1.59763097102
1260,12.6,552.346,3.7195,-1.59760045982
1261,12.61,552.3335,3.728,-1.59759404669
1262,12.62,552.305,3.731,-1.59760366435
1263,12.63,552.2735,3.8535,-1.59755881773
1264,12.64,552.266,3.7175,-1.59757514619
1265,12.65,552.299,3.689,-1.59763511392
1266,12.66,552.3175,3.664,-1.59761989828
1267,12.67,552.332,3.6475,-1.59765129381
1268,12.68,552.349,3.6235,-1.59767968369
1269,12.69,552.354,3.6075,-1.59766722513
1270,12.7,552.3495,3.6085,-1.59767193363
1271,12.71,552.3475,3.609,-1.5976420446
1272,12.72,552.3295,3.6115,-1.59766675688
1273,12.73,552.32,3.6155,-1.59765391212
1274,12.74,552.3165,3.5995,-1.59765213803
1275,12.75,552.312,3.6065,-1.59764213469
1276,12.76,552.314,3.601,-1.59764033213
1277,12.77,552.328,3.604,-1.59763173439
1278,12.78,552.3475,3.587,-1.59766948825
1279,12.79,552.3555,3.5895,-1.59765537857
1280,12.8,552.353,3.5875,-1.59768210755
1281,12.81,552.347,3.594,-1.59743843169
1282,12.82,552.3375,3.582,-1.59738651442
1283,12.83,552.328,3.5945,-1.59736774927
1284,12.84,552.32,3.5865,-1.59736454253
1285,12.85,552.312,3.601,-1.59735675089
1286,12.86,552.3185,3.5895,-1.59735176409
1287,12.87,552.3285,3.5815,-1.59729696582
1288,12.88,552.339,3.586,-1.59733023868
1289,12.89,552.346,3.594,-1.59731099348
1290,12.9,552.3465,3.578,-1.59729026611
1291,12.91,552.3485,3.5915,-1.59723972415
1292,12.92,552.3325,3.581,-1.59722386105
1293,12.93,552.323,3.587,-1.59719223
1294,12.94,552.3155,3.5995,-1.5971875961
1295,12.95,552.317,3.59,-1.59715967987
1296,12.96,552.3215,3.5755,-1.59715791774
1297,12.97,552.331,3.5995,-1.597248513
1298,12.98,552.3335,3.579,-1.59720831359
1299,12.99,552.3325,3.584,-1.59728497954
1300,13.0,552.3455,3.5865,-1.59755716117
1301,13.01,552.3465,3.578,-1.59762539968
1302,13.02,552.3405,3.579,-1.5976397208
1303,13.03,552.323,3.583,-1.5976215585
1304,13.04,552.327,3.589,-1.59761515733
1305,13.05,552.3225,3.5785,-1.59758630947
1306,13.06,552.332,3.587,-1.59765205004
1307,13.07,552.3305,3.5855,-1.5976466934
1308,13.08,552.331,3.5825,-1.59765122668
1309,13.09,552.339,3.586,-1.59767116663
1310,13.1,552.34,3.581,-1.59760861079
1311,13.11,552.3395,3.579,-1.59764212653
1312,13.12,552.3365,3.58,-1.597611161
1313,13.13,552.335,3.5865,-1.59764035681
1314,13.14,552.331,3.586,-1.59763785573
1315,13.15,552.3245,3.5865,-1.59763927997
1316,13.16,552.316,3.5775,-1.59759581278
1317,13.17,552.322,3.58,-1.59761542758
1318,13.18,552.335,3.5835,-1.59763410026
1319,13.19,552.336,3.5795,-1.59765440798
1320,13.2,552.336,3.5795,-1.59762012422
1321,13.21,552.333,3.5655,-1.59762630493
1322,13.22,552.33,3.5815,-1.59762381553
1323,13.23,552.3345,3.5765,-1.59764882254
1324,13.24,552.3335,3.5735,-1.59762674325
1325,13.25,552.3235,3.5685,-1.59761710251
1326,13.26,552.331,3.5885,-1.59766338496
1327,13.27,552.317,3.5725,-1.59760968292
1328,13.28,552.3315,3.5765,-1.59757618506
1329,13.29,552.3305,3.5825,-1.59764567846
1330,13.3,552.3335,3.575,-1.59760184479
1331,13.31,552.3325,3.5815,-1.59766085386
1332,13.32,552.3335,3.581,-1.59760223878
1333,13.33,552.3275,3.58,-1.59764524503
1334,13.34,552.3255,3.5825,-1.597635937
1335,13.35,552.328,3.582,-1.59760690376
1336,13.36,552.322,3.574,-1.5975924582
1337,13.37,552.3265,3.583,-1.59766603634
1338,13.38,552.335,3.5855,-1.59765044277
1339,13.39,552.3295,3.5835,-1.59764472133
1340,13.4,552.3325,3.579,-1.59762432123
1341,13.41,552.341,3.586,-1.59765585517
1342,13.42,552.33,3.587,-1.59760535461
1343,13.43,552.3305,3.5745,-1.59760693973
1344,13.44,552.3255,3.5805,-1.59759441121
1345,13.45,552.328,3.5815,-1.59764024013
1346,13.46,552.326,3.593,-1.5976174189
1347,13.47,552.326,3.5705,-1.59760458064
1348,13.48,552.3335,3.5765,-1.59757798996
1349,13.49,552.3275,3.5685,-1.59757970345
1350,13.5,552.334,3.5835,-1.59759682546
1351,13.51,552.329,3.5755,-1.59761080682
1352,13.52,552.328,3.574,-1.59761986864
1353,13.53,552.3265,3.5765,-1.59760578679
1354,13.54,552.321,3.5705,-1.59758314994
1355,13.55,552.3195,3.5725,-1.59757956367
1356,13.56,552.324,3.5825,-1.59732690421
1357,13.57,552.32,3.588,-1.59735720227
1358,13.58,552.3285,3.5815,-1.59733630093
1359,13.59,552.3295,3.586,-1.59738188505
1360,13.6,552.323,3.5865,-1.59736277263
1361,13.61,552.326,3.5825,-1.59735164528
1362,13.62,552.329,3.5875,-1.59732110679
1363,13.63,552.331,3.5805,-1.59729090235
1364,13.64,552.328,3.587,-1.59726914215
1365,13.65,552.3285,3.584,-1.59724573708
1366,13.66,552.3225,3.579,-1.59719162016
1367,13.67,552.325,3.5755,-1.59716145136
1368,13.68,552.3275,3.586,-1.59712681639
1369,13.69,552.3195,3.5845,-1.59714322335
1370,13.7,552.325,3.59,-1.59717619782
1371,13.71,552.328,3.589,-1.59717561148
1372,13.72,552.336,3.5885,-1.5971579584
1373,13.73,552.332,3.594,-1.5972091928
1374,13.74,552.3305,3.575,-1.59715903008
1375,13.75,552.3315,3.575,-1.59713474027
1376,13.76,552.3255,3.571,-1.59715387702
1377,13.77,552.3355,3.5765,-1.59717253975
1378,13.78,552.3275,3.591,-1.59719789796
1379,13.79,552.332,3.581,-1.59719120678
1380,13.8,552.327,3.578,-1.59715966003
1381,13.81,552.3355,3.585,-1.59717772821
1382,13.82,552.334,3.584,-1.59719729588
1383,13.83,552.3285,3.5825,-1.59717877152
1384,13.84,552.3295,3.572,-1.59713318771
1385,13.85,552.324,3.5825,-1.59716229077
1386,13.86,552.3325,3.5795,-1.59711757121
1387,13.87,552.3315,3.589,-1.59714515163
1388,13.88,552.3295,3.5865,-1.5971400857
1389,13.89,552.3335,3.579,-1.59715749147
1390,13.9,552.335,3.586,-1.59719772536
1391,13.91,552.3275,3.575,-1.59716462794
1392,13.92,552.327,3.5705,-1.59716363679
1393,13.93,552.322,3.585,-1.59720120218
1394,13.94,552.333,3.5735,-1.59717762044
1395,13.95,552.3225,3.579,-1.59718822552
1396,13.96,552.3305,3.5845,-1.59717042362
1397,13.97,552.3325,3.579,-1.59713972513
1398,13.98,552.325,3.575,-1.59714196851
1399,13.99,552.3275,3.577,-1.59714314579
1400,14.0,552.3315,3.585,-1.59716234721
1401,14.01,552.3345,3.5805,-1.59716320712
1402,14.02,552.331,3.57,-1.59717067605
1403,14.03,552.3375,3.5885,-1.59718199881
1404,14.04,552.328,3.577,-1.59713832859
1405,14.05,552.328,3.5725,-1.59715780868
1406,14.06,552.33,3.576,-1.59720350575
1407,14.07,552.333,3.5765,-1.59715151527
1408,14.08,552.332,3.582,-1.5971780654
1409,14.09,552.3255,3.58,-1.59715883612
1410,14.1,552.3245,3.5695,-1.5971680743
1411,14.11,552.326,3.5715,-1.59712244735
1412,14.12,552.332,3.572,-1.59715879532
1413,14.13,552.334,3.574,-1.59716919501
1414,14.14,552.332,3.577,-1.59721570012
1415,14.15,552.3285,3.579,-1.59715971735
1416,14.16,552.3335,3.5825,-1.59717197452
1417,14.17,552.3305,3.585,-1.59715729996
1418,14.18,552.3245,3.5845,-1.59719100879
1419,14.19,552.3295,3.5735,-1.59717775764
1420,14.2,552.329,3.5695,-1.59718483472
1421,14.21,552.3385,3.5655,-1.59715476322
1422,14.22,552.331,3.578,-1.59713067458
1423,14.23,552.3305,3.5715,-1.59717492061
1424,14.24,552.3245,3.566,-1.59715508883
1425,14.25,552.3245,3.579,-1.59720894573
1426,14.26,552.3255,3.563,-1.59717498099
1427,14.27,552.3295,3.577,-1.59718611683
1428,14.28,552.3245,3.566,-1.5971639617
1429,14.29,552.324,3.5795,-1.59720845331
1430,14.3,552.323,3.587,-1.59719667056
1431,14.31,552.318,3.5745,-1.59714710249
1432,14.32,552.3235,3.581,-1.59720831414
1433,14.33,552.3225,3.5725,-1.59716851649
1434,14.34,552.325,3.577,-1.59719479327
1435,14.35,552.3225,3.582,-1.59717824185
1436,14.36,552.322,3.5835,-1.597169607
1437,14.37,552.3265,3.5715,-1.59715561364
1438,14.38,552.32,3.5715,-1.597156075
1439,14.39,552.325,3.576,-1.59714376291
1440,14.4,552.3265,3.5725,-1.59713016367
1441,14.41,552.3285,3.5795,-1.59717356097
1442,14.42,552.3275,3.5735,-1.5971890164
1443,14.43,552.3225,3.5785,-1.5971959893
1444,14.44,552.3225,3.585,-1.59717916144
1445,14.45,552.3245,3.58,-1.59719478376
1446,14.46,552.3235,3.5625,-1.59719176536
1447,14.47,552.33,3.575,-1.59719767242
1448,14.48,552.33,3.5695,-1.59717619502
1449,14.49,552.3295,3.5675,-1.59715437848
1450,14.5,552.328,3.5775,-1.59718468911
1451,14.51,552.3275,3.576,-1.59715471276
1452,14.52,552.326,3.571,-1.59717686958
1453,14.53,552.327,3.585,-1.59717631493
1454,14.54,552.3245,3.575,-1.59719389242
1455,14.55,552.323,3.578,-1.59717305975
1456,14.56,552.3295,3.5725,-1.59719867026
1457,14.57,552.329,3.5735,-1.59718642453
1458,14.58,552.325,3.574,-1.59718317478
1459,14.59,552.3275,3.574,-1.59716252795
1460,14.6,552.322,3.579,-1.59715020709
1461,14.61,552.328,3.5815,-1.59717106701
1462,14.62,552.325,3.57,-1.59714483647
1463,14.63,552.326,3.5765,-1.59714719697
1464,14.64,552.3225,3.559,-1.59713677986
1465,14.65,552.3325,3.571,-1.59715804309
1466,14.66,552.33,3.5695,-1.59714283313
1467,14.67,552.3335,3.5885,-1.59715954342
1468,14.68,552.3305,3.575,-1.59720175533
1469,14.69,552.3355,3.5715,-1.59717618467
1470,14.7,552.333,3.5755,-1.59717561402
1471,14.71,552.3305,3.5755,-1.5971891562
1472,14.72,552.326,3.574,-1.59715321228
1473,14.73,552.3305,3.576,-1.59717183802
1474,14.74,552.3275,3.5725,-1.59717910295
1475,14.75,552.338,3.5755,-1.59717216676
1476,14.76,552.339,3.5795,-1.59714976751
1477,14.77,552.3305,3.5835,-1.59714537639
1478,14.78,552.334,3.573,-1.59713699411
1479,14.79,552.3295,3.584,-1.59712429788
1480,14.8,552.327,3.5815,-1.59714382396
1481,14.81,552.3315,3.588,-1.59719470527
1482,14.82,552.328,3.577,-1.59717122048
1483,14.83,552.3325,3.5865,-1.59718775366
1484,14.84,552.3275,3.5805,-1.59718077685
1485,14.85,552.323,3.58,-1.59714536591
1486,14.86,552.327,3.57,-1.59713465363
1487,14.87,552.327,3.5765,-1.59715068563
1488,14.88,552.3245,3.5795,-1.59716764727
1489,14.89,552.3265,3.571,-1.597186586
1490,14.9,552.327,3.5815,-1.59718882226
1491,14.91,552.3335,3.575,-1.59720275989
1492,14.92,552.3215,3.5585,-1.59712006852
1493,14.93,552.33,3.575,-1.59718482557
1494,14.94,552.328,3.568,-1.59715993614
1495,14.95,552.333,3.5795,-1.59716754415
1496,14.96,552.3275,3.5825,-1.59714927005
1497,14.97,552.3305,3.5865,-1.59716925959
1498,14.98,552.327,3.582,-1.59720377808
1499,14.99,552.3255,3.565,-1.59713410778
1500,15.0,552.3315,3.5795,-1.59715507659
1501,15.01,552.331,3.5735,-1.59716661218
1502,15.02,552.3265,3.5755,-1.59717347056
1503,15.03,552.331,3.5735,-1.59716814225
1504,15.04,552.335,3.575,-1.5971315027
1505,15.05,552.326,3.581,-1.59717898839
1506,15.06,552.3275,3.5805,-1.5971561497
1507,15.07,552.329,3.588,-1.59718216507
1508,15.08,552.332,3.57,-1.5971555401
1509,15.09,552.33,3.5635,-1.59718087089
1510,15.1,552.325,3.5735,-1.59714356978
1511,15.11,552.3205,3.5765,-1.59717155883
1512,15.12,552.327,3.5675,-1.59715091942
1513,15.13,552.328,3.5685,-1.59718814455
1514,15.14,552.32,3.564,-1.59714626034
1515,15.15,552.322,3.5615,-1.59717177538
1516,15.16,552.325,3.5815,-1.59718271943
1517,15.17,552.329,3.5565,-1.59714573935
1518,15.18,552.326,3.5675,-1.59713013046
1519,15.19,552.318,3.5795,-1.59718072761
1520,15.2,552.32,3.574,-1.5971518943
1521,15.21,552.3185,3.569,-1.59715801513
1522,15.22,552.3295,3.5735,-1.59716296272
1523,15.23,552.324,3.5685,-1.59715150358
1524,15.24,552.3265,3.572,-1.59717724916
1525,15.25,552.32,3.577,-1.59715247063
1526,15.26,552.326,3.574,-1.59718205396
1527,15.27,552.3215,3.574,-1.59716471716
1528,15.28,552.327,3.578,-1.59717737934
1529,15.29,552.329,3.572,-1.5971643107
1530,15.3,552.3255,3.5785,-1.59716492394
1531,15.31,552.326,3.562,-1.59718006542
1532,15.32,552.325,3.5845,-1.59718098426
1533,15.33,552.327,3.5745,-1.59714967374
1534,15.34,552.3265,3.57,-1.59718535867
1535,15.35,552.3255,3.569,-1.59716843104
1536,15.36,552.3275,3.569,-1.59713402433
1537,15.37,552.3215,3.568,-1.59714601069
1538,15.38,552.3285,3.573,-1.59715798234
1539,15.39,552.326,3.567,-1.59715985616
1540,15.4,552.3365,3.567,-1.59716236615
1541,15.41,552.3285,3.5635,-1.59720684781
1542,15.42,552.332,3.5725,-1.59714721371
1543,15.43,552.323,3.573,-1.59718355253
1544,15.44,552.3305,3.5735,-1.59719166157
1545,15.45,552.3315,3.578,-1.59717291068
1546,15.46,552.3315,3.58,-1.59718411146
1547,15.47,552.327,3.5755,-1.59717455897
1548,15.48,552.332,3.5645,-1.59715385915
1549,15.49,552.331,3.5745,-1.59717416336
1550,15.5,552.331,3.576,-1.59717237783
1551,15.51,552.3285,3.5735,-1.59714965336
1552,15.52,552.331,3.5755,-1.597187198
1553,15.53,552.33,3.589,-1.59719664821
1554,15.54,552.3315,3.5815,-1.59716611376
1555,15.55,552.3355,3.5745,-1.59720428661
1556,15.56,552.3235,3.579,-1.59719365907
1557,15.57,552.337,3.5715,-1.59718660802
1558,15.58,552.334,3.573,-1.59711546753
1559,15.59,552.324,3.5785,-1.59716012633
1560,15.6,552.337,3.5735,-1.59717092713
1561,15.61,552.328,3.5695,-1.59712150427
1562,15.62,552.328,3.575,-1.59713287294
1563,15.63,552.319,3.568,-1.59711798163
1564,15.64,552.329,3.5735,-1.59717249755
1565,15.65,552.326,3.5695,-1.59713487046
1566,15.66,552.3275,3.571,-1.59712877102
1567,15.67,552.329,3.568,-1.59714156348
1568,15.68,552.3285,3.5685,-1.59714363385
1569,15.69,552.3285,3.5725,-1.59717325971
1570,15.7,552.328,3.58,-1.59720331419
1571,15.71,552.3335,3.573,-1.59717835618
1572,15.72,552.3325,3.5825,-1.59718514685
1573,15.73,552.33,3.578,-1.59716972241
1574,15.74,552.335,3.577,-1.59715472303
1575,15.75,552.3265,3.57,-1.59720077776
1576,15.76,552.334,3.5785,-1.59716946345
1577,15.77,552.336,3.578,-1.59718368636
1578,15.78,552.331,3.566,-1.59714426577
1579,15.79,552.3345,3.5745,-1.59714546797
1580,15.8,552.3315,3.5665,-1.59717923873
1581,15.81,552.334,3.5705,-1.59714081251
1582,15.82,552.3375,3.5675,-1.59716940457
1583,15.83,552.3345,3.5765,-1.59713925026
1584,15.84,552.3385,3.563,-1.59713579494
1585,15.85,552.338,3.567,-1.59713723747
1586,15.86,552.3345,3.571,-1.59714064554
1587,15.87,552.3325,3.56,-1.59713263075
1588,15.88,552.3335,3.5655,-1.59715983971
1589,15.89,552.326,3.5635,-1.59716523313
1590,15.9,552.3295,3.5715,-1.59714713032
1591,15.91,552.334,3.5615,-1.59715276669
1592,15.92,552.3355,3.5745,-1.59718008929
1593,15.93,552.3305,3.572,-1.59717699196
1594,15.94,552.3345,3.5755,-1.59719998414
1595,15.95,552.322,3.567,-1.5971514591
1596,15.96,552.3215,3.5845,-1.59712975683
1597,15.97,552.326,3.5545,-1.59715826792
1598,15.98,552.3285,3.584,-1.59719671169
1599,15.99,552.3235,3.57,-1.59715713862
1600,16.0,552.3275,3.5715,-1.59717266405
1601,16.01,552.325,3.56,-1.59715257443
1602,16.02,552.335,3.5705,-1.59715353618
1603,16.03,552.3315,3.565,-1.59715644
1604,16.04,552.3315,3.572,-1.59714502795
1605,16.05,552.327,3.5705,-1.5971454625
1606,16.06,552.3405,3.5645,-1.59715683436
1607,16.07,552.331,3.572,-1.59718836446
1608,16.08,552.333,3.5755,-1.59719645764
1609,16.09,552.334,3.5695,-1.59716914082
1610,16.1,552.329,3.574,-1.59718712679
1611,16.11,552.333,3.5735,-1.5971683634
1612,16.12,552.3335,3.58,-1.59719781507
1613,16.13,552.3245,3.5835,-1.59718213396
1614,16.14,552.3295,3.5795,-1.59715794124
1615,16.15,552.329,3.5725,-1.59716167043
1616,16.16,552.3285,3.571,-1.59713743521
1617,16.17,552.3295,3.5755,-1.59719703932
1618,16.18,552.3225,3.5705,-1.59716008277
1619,16.19,552.332,3.5755,-1.59714990461
1620,16.2,552.3255,3.5725,-1.59716573497
1621,16.21,552.326,3.582,-1.59715556425
1622,16.22,552.327,3.567,-1.59718641029
1623,16.23,552.3285,3.5785,-1.59718046314
1624,16.24,552.323,3.5725,-1.59718647696
1625,16.25,552.326,3.566,-1.59716336674
1626,16.26,552.3305,3.5705,-1.59719714264
1627,16.27,552.3255,3.5775,-1.59712106791
1628,16.28,552.3265,3.575,-1.59713044533
1629,16.29,552.326,3.577,-1.59712220732
1630,16.3,552.323,3.5535,-1.59712929283
1631,16.31,552.3245,3.572,-1.59714337446
1632,16.32,552.328,3.571,-1.59717335297
1633,16.33,552.325,3.576,-1.59715145772
1634,16.34,552.3245,3.568,-1.59714613247
1635,16.35,552.3325,3.58,-1.59717144611
1636,16.36,552.3205,3.5705,-1.59715339685
1637,16.37,552.3305,3.567,-1.59715194074
1638,16.38,552.3325,3.565,-1.59720251329
1639,16.39,552.3355,3.5815,-1.59721260707
1640,16.4,552.332,3.565,-1.59716295027
1641,16.41,552.3305,3.5785,-1.59715565839
1642,16.42,552.33,3.565,-1.59716755767
1643,16.43,552.3335,3.5665,-1.59712947009
1644,16.44,552.337,3.572,-1.59719690993
1645,16.45,552.336,3.578,-1.59719209526
1646,16.46,552.329,3.566,-1.59714188823
1647,16.47,552.3315,3.5745,-1.59716658934
1648,16.48,552.3275,3.571,-1.59714345091
1649,16.49,552.331,3.574,-1.59715431382
1650,16.5,552.331,3.5715,-1.59716026379
1651,16.51,552.328,3.585,-1.59715935855
1652,16.52,552.3295,3.5735,-1.59716822359
1653,16.53,552.3355,3.5775,-1.59718704706
1654,16.54,552.33,3.5705,-1.59717250535
1655,16.55,552.3275,3.586,-1.59718582977
1656,16.56,552.331,3.5725,-1.59716715323
1657,16.57,552.3285,3.5745,-1.59716686687
1658,16.58,552.3295,3.5845,-1.5971793355
1659,16.59,552.3295,3.582,-1.59718594707
1660,16.6,552.3315,3.567,-1.5971444912
1661,16.61,552.327,3.573,-1.59714917337
1662,16.62,552.331,3.5675,-1.59720926012
1663,16.63,552.331,3.5675,-1.59712221481
1664,16.64,552.3355,3.5685,-1.59715991256
1665,16.65,552.328,3.578,-1.59719547428
1666,16.66,552.3305,3.577,-1.59720379547
1667,16.67,552.327,3.5775,-1.59717649745
1668,16.68,552.331,3.5775,-1.59719316212
1669,16.69,552.3385,3.574,-1.5972014161
1670,16.7,552.3315,3.5755,-1.59718935509
1671,16.71,552.3385,3.5645,-1.59717361491
1672,16.72,552.3365,3.5705,-1.59718177016
1673,16.73,552.3325,3.584,-1.59720035156
1674,16.74,552.3315,3.559,-1.5971730474
1675,16.75,552.335,3.5735,-1.59719465834
1676,16.76,552.3205,3.559,-1.59712793425
1677,16.77,552.3255,3.5725,-1.5971665436
1678,16.78,552.3355,3.5715,-1.59717397793
1679,16.79,552.3305,3.57,-1.59718176812
1680,16.8,552.3195,3.5695,-1.59715722672
1681,16.81,552.328,3.574,-1.59714158115
1682,16.82,552.33,3.5835,-1.59719583092
1683,16.83,552.329,3.5855,-1.59722570509
1684,16.84,552.323,3.569,-1.59712386519
1685,16.85,552.325,3.5775,-1.59713921454
1686,16.86,552.328,3.5775,-1.59715990729
1687,16.87,552.326,3.5735,-1.59715001106
1688,16.88,552.316,3.5845,-1.59716394165
1689,16.89,552.3225,3.573,-1.59712043202
1690,16.9,552.319,3.586,-1.59717478941
1691,16.91,552.322,3.581,-1.5971694504
1692,16.92,552.326,3.587,-1.597224138
1693,16.93,552.325,3.58,-1.59718169421
1694,16.94,552.3205,3.5845,-1.59716974746
1695,16.95,552.319,3.576,-1.59719075278
1696,16.96,552.319,3.569,-1.59718560491
1697,16.97,552.3315,3.581,-1.59722553704
1698,16.98,552.316,3.5795,-1.59719188871
1699,16.99,552.321,3.583,-1.59716280991
1700,17.0,552.3275,3.582,-1.59715988707
1701,17.01,552.322,3.572,-1.59714430011
1702,17.02,552.3235,3.571,-1.59716246175
1703,17.03,552.334,3.5665,-1.59718242604
1704,17.04,552.3305,3.563,-1.5971134358
1705,17.05,552.326,3.5545,-1.59711301913
1706,17.06,552.3285,3.558,-1.59711107449
1707,17.07,552.33,3.572,-1.59713540386
1708,17.08,552.3275,3.5545,-1.59711964117
1709,17.09,552.333,3.565,-1.59712325344
1710,17.1,552.327,3.56,-1.59712091928
1711,17.11,552.32,3.5705,-1.59711604028
1712,17.12,552.328,3.5645,-1.59713469231
1713,17.13,552.327,3.572,-1.59715184364
1714,17.14,552.329,3.5685,-1.59713966451
1715,17.15,552.3255,3.58,-1.59718537194
1716,17.16,552.326,3.575,-1.59714440399
1717,17.17,552.327,3.5685,-1.59716440954
1718,17.18,552.33,3.557,-1.59713233437
1719,17.19,552.3275,3.5695,-1.5971656411
1720,17.2,552.325,3.567,-1.5971463702
1721,17.21,552.3335,3.5585,-1.59715625596
1722,17.22,552.3325,3.568,-1.5971454244
1723,17.23,552.3305,3.57,-1.59718407119
1724,17.24,552.329,3.564,-1.59714254572
1725,17.25,552.329,3.5735,-1.59717374929
1726,17.26,552.3345,3.5675,-1.59713536049
1727,17.27,552.3365,3.5675,-1.59716337739
1728,17.28,552.339,3.5735,-1.59718201419
1729,17.29,552.335,3.5755,-1.59721430848
1730,17.3,552.3285,3.565,-1.59714303808
1731,17.31,552.3255,3.568,-1.5971573843
1732,17.32,552.33,3.5685,-1.59717877648
1733,17.33,552.3235,3.582,-1.5971836461
1734,17.34,552.329,3.5715,-1.59717452527
1735,17.35,552.331,3.5655,-1.59717347016
1736,17.36,552.3295,3.5685,-1.59716453311
1737,17.37,552.3305,3.5705,-1.59716675689
1738,17.38,552.3265,3.561,-1.59713495881
1739,17.39,552.3255,3.5605,-1.59713665707
1740,17.4,552.337,3.5705,-1.59712713289
1741,17.41,552.3245,3.5635,-1.59712773738
1742,17.42,552.32,3.5655,-1.59715102754
1743,17.43,552.328,3.567,-1.59714219066
1744,17.44,552.3305,3.5665,-1.59715123275
1745,17.45,552.33,3.5615,-1.59713830219
1746,17.46,552.3345,3.5685,-1.59715407179
1747,17.47,552.332,3.5635,-1.59715172017
1748,17.48,552.331,3.561,-1.59713381155
1749,17.49,552.332,3.566,-1.59714312795
1750,17.5,552.3285,3.5645,-1.59715549709
1751,17.51,552.327,3.5705,-1.59714381865
1752,17.52,552.332,3.5625,-1.59712094762
1753,17.53,552.333,3.573,-1.59717399757
1754,17.54,552.329,3.5815,-1.59713986352
1755,17.55,552.324,3.574,-1.59717853583
1756,17.56,552.328,3.581,-1.59719227251
1757,17.57,552.324,3.586,-1.59716247188
1758,17.58,552.332,3.581,-1.59717334976
1759,17.59,552.3245,3.567,-1.59714144172
1760,17.6,552.3295,3.575,-1.59715435016
1761,17.61,552.3275,3.576,-1.59715662753
1762,17.62,552.326,3.572,-1.59712824755
1763,17.63,552.3225,3.5705,-1.59714812846
1764,17.64,552.319,3.582,-1.5971546522
1765,17.65,552.3265,3.5815,-1.59715480013
1766,17.66,552.3315,3.568,-1.59716363762
1767,17.67,552.329,3.572,-1.5971463706
1768,17.68,552.333,3.585,-1.59720923254
1769,17.69,552.326,3.5735,-1.59717306555
1770,17.7,552.3235,3.5675,-1.59711654008
1771,17.71,552.331,3.564,-1.59714780569
1772,17.72,552.3265,3.5615,-1.59711243488
1773,17.73,552.3315,3.5835,-1.59718686291
1774,17.74,552.3235,3.5655,-1.59715070826
1775,17.75,552.3275,3.578,-1.59716640625
1776,17.76,552.3265,3.575,-1.59713350698
1777,17.77,552.3335,3.574,-1.5971582375
1778,17.78,552.324,3.5745,-1.59713356309
1779,17.79,552.317,3.574,-1.59714613124
1780,17.8,552.327,3.567,-1.59713454426
1781,17.81,552.3225,3.577,-1.59717370698
1782,17.82,552.329,3.5805,-1.59714530744
1783,17.83,552.3245,3.562,-1.59713677234
1784,17.84,552.317,3.574,-1.59713956441
1785,17.85,552.321,3.5655,-1.59715274038
1786,17.86,552.3235,3.569,-1.59716225347
1787,17.87,552.3295,3.5635,-1.59714959362
1788,17.88,552.3245,3.5655,-1.59711977945
1789,17.89,552.329,3.5615,-1.597104992
1790,17.9,552.3265,3.5645,-1.59713938677
1791,17.91,552.3265,3.5635,-1.59714967273
1792,17.92,552.327,3.5715,-1.59713976913
1793,17.93,552.3205,3.5595,-1.59711758705
1794,17.94,552.33,3.5685,-1.59712084894
1795,17.95,552.3275,3.5775,-1.59718598981
1796,17.96,552.3265,3.5835,-1.59716588438
1797,17.97,552.325,3.5765,-1.59718616224
1798,17.98,552.3325,3.576,-1.59714517066
1799,17.99,552.336,3.568,-1.59716877783
1800,18.0,552.3325,3.5735,-1.59714970148
1801,18.01,552.331,3.568,-1.59715196994
1802,18.02,552.3265,3.5765,-1.59717142254
1803,18.03,552.327,3.5765,-1.59715735111
1804,18.04,552.33,3.5695,-1.59715357315
1805,18.05,552.326,3.5735,-1.5971763697
1806,18.06,552.3305,3.575,-1.5971954537
1807,18.07,552.332,3.561,-1.59715654991
1808,18.08,552.3345,3.58,-1.59719681753
1809,18.09,552.3345,3.5635,-1.59719124197
1810,18.1,552.329,3.574,-1.59716867838
1811,18.11,552.329,3.58,-1.59716294403
1812,18.12,552.3275,3.5785,-1.59716504399
1813,18.13,552.3365,3.576,-1.59715328255
1814,18.14,552.328,3.568,-1.59717627807
1815,18.15,552.3325,3.576,-1.59716079623
1816,18.16,552.331,3.5775,-1.59715925078
1817,18.17,552.3265,3.572,-1.59716159886
1818,18.18,552.329,3.572,-1.59716400117
1819,18.19,552.33,3.584,-1.59716200265
1820,18.2,552.332,3.579,-1.59715375172
1821,18.21,552.33,3.582,-1.59716525621
1822,18.22,552.3255,3.5735,-1.59715236362
1823,18.23,552.3285,3.577,-1.59717832045
1824,18.24,552.331,3.5695,-1.59718589509
1825,18.25,552.331,3.567,-1.59712560458
1826,18.26,552.3285,3.5715,-1.59714970148
1827,18.27,552.3315,3.567,-1.59713071358
1828,18.28,552.327,3.549,-1.59711216471
1829,18.29,552.3245,3.5685,-1.59711320644
1830,18.3,552.3255,3.5685,-1.59712411684
1831,18.31,552.3285,3.579,-1.59716236689
1832,18.32,552.3245,3.5675,-1.59715386923
1833,18.33,552.337,3.5795,-1.5971614665
1834,18.34,552.3255,3.574,-1.59713378754
1835,18.35,552.3225,3.5815,-1.59716112987
1836,18.36,552.3235,3.57,-1.59713844755
1837,18.37,552.332,3.576,-1.59718650215
1838,18.38,552.3275,3.56,-1.59710939606
1839,18.39,552.3365,3.5775,-1.59715007256
1840,18.4,552.324,3.5635,-1.59715645041
1841,18.41,552.328,3.568,-1.59712976145
1842,18.42,552.3295,3.5745,-1.59721047287
1843,18.43,552.3265,3.5685,-1.59715752522
1844,18.44,552.327,3.5695,-1.59715139859
1845,18.45,552.327,3.571,-1.59719999509
1846,18.46,552.3305,3.562,-1.59716804597
1847,18.47,552.3295,3.568,-1.59717537934
1848,18.48,552.333,3.567,-1.59717282422
1849,18.49,552.327,3.579,-1.59715351449
1850,18.5,552.336,3.57,-1.59714815299
1851,18.51,552.3285,3.5635,-1.59715329364
1852,18.52,552.3335,3.5685,-1.59718843967
1853,18.53,552.33,3.5665,-1.59713340828
1854,18.54,552.3285,3.5725,-1.59715996218
1855,18.55,552.33,3.572,-1.59715982986
1856,18.56,552.3405,3.581,-1.59717453644
1857,18.57,552.3295,3.5695,-1.59714401092
1858,18.58,552.33,3.5725,-1.59713383474
1859,18.59,552.332,3.5665,-1.59716436394
1860,18.6,552.329,3.5705,-1.59714392723
1861,18.61,552.3295,3.5625,-1.59716195014
1862,18.62,552.3235,3.561,-1.59715439243
1863,18.63,552.322,3.559,-1.59713224661
1864,18.64,552.3325,3.568,-1.59716462352
1865,18.65,552.3285,3.558,-1.59717060627
1866,18.66,552.324,3.562,-1.59713152812
1867,18.67,552.3265,3.5735,-1.59716554265
1868,18.68,552.331,3.5725,-1.59716283876
1869,18.69,552.33,3.571,-1.597153558
1870,18.7,552.331,3.5695,-1.59714288131
1871,18.71,552.326,3.576,-1.59717668195
1872,18.72,552.3315,3.5655,-1.59716421125
1873,18.73,552.334,3.5595,-1.59714516148
1874,18.74,552.3295,3.564,-1.59715102495
1875,18.75,552.3275,3.572,-1.5971441556
1876,18.76,552.3285,3.567,-1.59711202355
1877,18.77,552.334,3.5685,-1.59714540596
1878,18.78,552.3235,3.5625,-1.59710636344
1879,18.79,552.3295,3.5665,-1.59714810015
1880,18.8,552.325,3.583,-1.59716509683
1881,18.81,552.328,3.564,-1.59714981159
1882,18.82,552.321,3.5775,-1.59716007072
1883,18.83,552.332,3.5735,-1.59715979967
1884,18.84,552.3295,3.559,-1.59717320852
1885,18.85,552.326,3.5755,-1.59718046316
1886,18.86,552.326,3.563,-1.59715704866
1887,18.87,552.323,3.568,-1.59717507387
1888,18.88,552.33,3.572,-1.59715902088
1889,18.89,552.3265,3.5725,-1.59716455709
1890,18.9,552.324,3.5775,-1.59717799955
1891,18.91,552.3235,3.5785,-1.59716081616
1892,18.92,552.3295,3.578,-1.59717897357
1893,18.93,552.3275,3.584,-1.59714873285
1894,18.94,552.32,3.5865,-1.59716837525
1895,18.95,552.327,3.572,-1.59715503191
1896,18.96,552.319,3.579,-1.59717267087
1897,18.97,552.326,3.5735,-1.59715359023
1898,18.98,552.3245,3.5775,-1.59715143443
1899,18.99,552.3255,3.5675,-1.59712140506
1900,19.0,552.326,3.5685,-1.59713332372
1901,19.01,552.327,3.5725,-1.59714794189
1902,19.02,552.331,3.5745,-1.59713969461
1903,19.03,552.3285,3.574,-1.59713381464
1904,19.04,552.3325,3.5815,-1.597187643
1905,19.05,552.3315,3.5815,-1.59715135467
1906,19.06,552.325,3.5745,-1.59713082372
1907,19.07,552.3245,3.569,-1.59715309326
1908,19.08,552.326,3.569,-1.59710872887
1909,19.09,552.334,3.5715,-1.59714031662
1910,19.1,552.326,3.57,-1.5971438195
1911,19.11,552.3235,3.571,-1.59708354751
1912,19.12,552.327,3.5675,-1.59715820594
1913,19.13,552.33,3.564,-1.59716132714
1914,19.14,552.332,3.564,-1.5971198252
1915,19.15,552.333,3.5655,-1.59716352845
1916,19.16,552.3305,3.5565,-1.59714663874
1917,19.17,552.3335,3.5615,-1.59715459656
1918,19.18,552.329,3.55,-1.59713197415
1919,19.19,552.3395,3.558,-1.597145602
1920,19.2,552.3355,3.56,-1.59714403965
1921,19.21,552.3305,3.5615,-1.59715055354
1922,19.22,552.33,3.559,-1.59714765099
1923,19.23,552.3305,3.559,-1.59713971844
1924,19.24,552.33,3.557,-1.59715628219
1925,19.25,552.33,3.564,-1.59716087374
1926,19.26,552.33,3.5745,-1.59712896712
1927,19.27,552.327,3.573,-1.59714202039
1928,19.28,552.3265,3.578,-1.59716671472
1929,19.29,552.3315,3.5845,-1.59718869519
1930,19.3,552.3285,3.575,-1.59718115177
1931,19.31,552.3275,3.575,-1.5971289172
1932,19.32,552.3295,3.567,-1.59713190187
1933,19.33,552.3255,3.571,-1.5971320188
1934,19.34,552.329,3.5795,-1.59721746991
1935,19.35,552.3275,3.575,-1.59718552537
1936,19.36,552.33,3.5745,-1.59712787024
1937,19.37,552.3205,3.576,-1.59715774976
1938,19.38,552.326,3.564,-1.59714934803
1939,19.39,552.327,3.5685,-1.5971545238
1940,19.4,552.328,3.5565,-1.59711601276
1941,19.41,552.3275,3.5675,-1.5971729593
1942,19.42,552.323,3.5785,-1.59717785773
1943,19.43,552.328,3.5695,-1.59711097001
1944,19.44,552.329,3.5675,-1.59712360603
1945,19.45,552.3315,3.571,-1.59715814194
1946,19.46,552.329,3.5705,-1.59713612329
1947,19.47,552.3285,3.564,-1.59714944779
1948,19.48,552.329,3.5625,-1.59711894539
1949,19.49,552.331,3.5615,-1.59713641461
1950,19.5,552.332,3.5675,-1.59715263779
1951,19.51,552.328,3.569,-1.59715919018
1952,19.52,552.3305,3.5625,-1.59716196311
1953,19.53,552.3245,3.559,-1.59710000147
1954,19.54,552.3265,3.5695,-1.59713057354
1955,19.55,552.334,3.567,-1.59717591384
1956,19.56,552.3265,3.5635,-1.59711155535
1957,19.57,552.3265,3.565,-1.59711655157
1958,19.58,552.324,3.568,-1.59713679833
1959,19.59,552.3315,3.564,-1.59710828228
1960,19.6,552.3295,3.5765,-1.59715791398
1961,19.61,552.328,3.5695,-1.59713743419
1962,19.62,552.3285,3.577,-1.59714761646
1963,19.63,552.3265,3.565,-1.5971719172
1964,19.64,552.3205,3.5705,-1.59712781643
1965,19.65,552.3245,3.5735,-1.59716519516
1966,19.66,552.3315,3.577,-1.59717936066
1967,19.67,552.327,3.5665,-1.59714524938
1968,19.68,552.3245,3.5785,-1.59715223165
1969,19.69,552.3195,3.5755,-1.59715637847
1970,19.7,552.3265,3.575,-1.59714279154
1971,19.71,552.3225,3.566,-1.59715175352
1972,19.72,552.3275,3.569,-1.5971695829
1973,19.73,552.3315,3.572,-1.59718025903
1974,19.74,552.326,3.57,-1.59718274344
1975,19.75,552.321,3.5575,-1.59714395739
1976,19.76,552.3215,3.5635,-1.59712812337
1977,19.77,552.331,3.5675,-1.5971388391
1978,19.78,552.325,3.5595,-1.59709728509
1979,19.79,552.329,3.5595,-1.59716374609
1980,19.8,552.329,3.5665,-1.59714822304
1981,19.81,552.3225,3.573,-1.59716388009
1982,19.82,552.3285,3.5695,-1.59716647941
1983,19.83,552.331,3.561,-1.59709993685
1984,19.84,552.328,3.5725,-1.59714153526
1985,19.85,552.333,3.565,-1.59716898883
1986,19.86,552.333,3.5725,-1.59717637425
1987,19.87,552.332,3.5615,-1.59714735589
1988,19.88,552.3325,3.5685,-1.59715554933
1989,19.89,552.3365,3.571,-1.59719619561
1990,19.9,552.333,3.57,-1.59711597438
1991,19.91,552.328,3.5575,-1.59712894735
1992,19.92,552.333,3.5635,-1.59711373563
1993,19.93,552.33,3.57,-1.59716268664
1994,19.94,552.3365,3.5645,-1.59713111101
1995,19.95,552.335,3.565,-1.59717668678
1996,19.96,552.3325,3.5635,-1.59716430479
1997,19.97,552.3355,3.5585,-1.59714685284
1998,19.98,552.332,3.549,-1.59714579087
1999,19.99,552.33,3.5615,-1.59713264342
2000,20.0,552.3305,3.5695,-1.59718659954
2001,20.01,552.329,3.557,-1.59715072844
2002,20.02,552.3245,3.571,-1.59713661203
2003,20.03,552.325,3.5735,-1.59714795698
2004,20.04,552.3285,3.572,-1.59713777512
2005,20.05,552.3315,3.5815,-1.59720644347
2006,20.06,552.329,3.5705,-1.59719124256
2007,20.07,552.3265,3.562,-1.597128283
2008,20.08,552.3285,3.579,-1.59718392931
2009,20.09,552.3335,3.578,-1.59717253901
2010,20.1,552.329,3.572,-1.59714956646
2011,20.11,552.3345,3.571,-1.59711501456
2012,20.12,552.3315,3.5805,-1.59718247554
2013,20.13,552.328,3.5745,-1.59711931107
2014,20.14,552.331,3.578,-1.59714669556
2015,20.15,552.3345,3.5835,-1.59717084019
2016,20.16,552.3265,3.57,-1.59718606502
2017,20.17,552.3265,3.573,-1.59714423711
2018,20.18,552.324,3.577,-1.59717122773
2019,20.19,552.325,3.5735,-1.59716989764
2020,20.2,552.3275,3.575,-1.59714854259
2021,20.21,552.327,3.58,-1.59722158975
2022,20.22,552.3265,3.583,-1.59715888325
2023,20.23,552.327,3.5785,-1.59716737484
2024,20.24,552.3255,3.5725,-1.59709546588
2025,20.25,552.328,3.5775,-1.59718974851
2026,20.26,552.3215,3.5785,-1.59713728284
2027,20.27,552.3265,3.576,-1.59714357319
